5,song_0,0
7,song_1,0
14,song_2,0
7,song_3,0
0,song_4,0
8,song_5,0
10,song_6,0
11,song_7,0
1,song_8,0
5,song_9,0
11,song_10,0
5,song_11,0
6,song_12,0
2,song_13,0
8,song_14,0
0,song_15,0
7,song_16,0
6,song_17,0
0,song_18,0
2,song_19,0
0,song_20,0
0,song_21,0
0,song_22,0
0,song_23,0
0,song_24,0
1,song_25,0
8,song_26,0
2,song_27,0
13,song_28,0
11,song_29,0
9,song_30,0
10,song_31,0
8,song_32,0
11,song_33,0
14,song_34,0
0,song_35,0
0,song_36,0
10,song_37,0
0,song_38,0
6,song_39,0
9,song_40,0
0,song_41,0
0,song_42,0
11,song_43,0
8,song_44,0
0,song_45,0
0,song_46,0
0,song_47,0
1,song_48,0
9,song_49,0
0,song_50,0
11,song_51,0
0,song_52,0
1,song_53,0
7,song_54,0
0,song_55,0
8,song_56,0
11,song_57,0
8,song_58,0
0,song_59,0
13,song_60,0
0,song_61,0
8,song_62,0
8,song_63,0
0,song_64,0
6,song_65,0
6,song_66,0
8,song_67,0
0,song_68,0
2,song_69,0
0,song_70,0
5,song_71,0
14,song_72,0
7,song_73,0
0,song_74,0
1,song_75,0
0,song_76,0
13,song_77,0
2,song_78,0
1,song_79,0
10,song_80,0
5,song_81,0
4,song_82,0
5,song_83,0
10,song_84,0
1,song_85,0
2,song_86,0
9,song_87,0
0,song_88,0
8,song_89,0
11,song_90,0
3,song_91,0
0,song_92,0
1,song_93,0
1,song_94,0
1,song_95,0
0,song_96,0
8,song_97,0
14,song_98,0
1,song_99,0
4,song_100,0
8,song_101,0
13,song_102,0
5,song_103,0
0,song_104,0
12,song_105,0
1,song_106,0
0,song_107,0
8,song_108,0
12,song_109,0
8,song_110,0
4,song_111,0
0,song_112,0
0,song_113,0
0,song_114,0
2,song_115,0
10,song_116,0
12,song_117,0
0,song_118,0
0,song_119,0
5,song_120,0
0,song_121,0
0,song_122,0
0,song_123,0
2,song_124,0
0,song_125,0
6,song_126,0
7,song_127,0
9,song_128,0
7,song_129,0
0,song_130,0
0,song_131,0
5,song_132,0
8,song_133,0
1,song_134,0
2,song_135,0
5,song_136,0
8,song_137,0
14,song_138,0
11,song_139,0
5,song_140,0
4,song_141,0
1,song_142,0
1,song_143,0
1,song_144,0
0,song_145,0
6,song_146,0
2,song_147,0
11,song_148,0
10,song_149,0
3,song_150,0
0,song_151,0
6,song_152,0
9,song_153,0
6,song_154,0
6,song_155,0
11,song_156,0
1,song_157,0
0,song_158,0
1,song_159,0
6,song_160,0
0,song_161,0
0,song_162,0
1,song_163,0
9,song_164,0
0,song_165,0
8,song_166,0
0,song_167,0
5,song_168,0
1,song_169,0
14,song_170,0
0,song_171,0
0,song_172,0
9,song_173,0
0,song_174,0
14,song_175,0
1,song_176,0
7,song_177,0
0,song_178,0
8,song_179,0
3,song_180,0
8,song_181,0
8,song_182,0
7,song_183,0
14,song_184,0
4,song_185,0
0,song_186,0
8,song_187,0
11,song_188,0
6,song_189,0
10,song_190,0
0,song_191,0
8,song_192,0
0,song_193,0
1,song_194,0
2,song_195,0
14,song_196,0
0,song_197,0
6,song_198,0
0,song_199,0
3,song_200,0
6,song_201,0
14,song_202,0
0,song_203,0
3,song_204,0
7,song_205,0
2,song_206,0
6,song_207,0
0,song_208,0
1,song_209,0
8,song_210,0
1,song_211,0
0,song_212,0
8,song_213,0
7,song_214,0
0,song_215,0
8,song_216,0
1,song_217,0
6,song_218,0
2,song_219,0
7,song_220,0
0,song_221,0
13,song_222,0
5,song_223,0
8,song_224,0
0,song_225,0
1,song_226,0
8,song_228,0
11,song_229,0
5,song_230,0
9,song_231,0
0,song_232,0
11,song_233,0
6,song_234,0
1,song_235,0
6,song_236,0
0,song_237,0
0,song_238,0
0,song_239,0
0,song_240,0
13,song_241,0
9,song_242,0
1,song_243,0
6,song_244,0
8,song_245,0
9,song_246,0
7,song_247,0
0,song_248,0
0,song_249,0
0,song_250,0
8,song_251,0
2,song_252,0
13,song_253,0
8,song_254,0
8,song_255,0
0,song_256,0
5,song_257,0
2,song_258,0
0,song_259,0
6,song_260,0
5,song_261,0
2,song_262,0
13,song_263,0
0,song_264,0
8,song_265,0
1,song_266,0
1,song_267,0
0,song_268,0
5,song_269,0
1,song_270,0
6,song_271,0
8,song_272,0
5,song_273,0
8,song_274,0
7,song_275,0
5,song_276,0
2,song_277,0
0,song_278,0
5,song_279,0
0,song_280,0
4,song_281,0
5,song_282,0
7,song_283,0
5,song_284,0
5,song_285,0
5,song_286,0
5,song_287,0
5,song_288,0
5,song_289,0
5,song_290,0
9,song_291,0
0,song_292,0
8,song_293,0
0,song_294,0
8,song_295,0
2,song_296,0
1,song_297,0
8,song_298,0
0,song_299,0
5,song_301,0
4,song_302,0
11,song_303,0
8,song_304,0
0,song_306,0
6,song_307,0
10,song_308,0
12,song_310,0
0,song_311,0
0,song_312,0
0,song_313,0
0,song_314,0
0,song_315,0
5,song_316,0
0,song_317,0
0,song_318,0
0,song_319,0
6,song_320,0
5,song_321,0
9,song_322,0
8,song_323,0
5,song_324,0
8,song_325,0
11,song_326,0
8,song_327,0
3,song_328,0
14,song_329,0
0,song_330,0
8,song_331,0
6,song_332,0
3,song_333,0
8,song_334,0
5,song_335,0
3,song_336,0
8,song_337,0
1,song_338,0
8,song_339,0
5,song_340,0
9,song_341,0
0,song_342,0
3,song_343,0
3,song_345,0
0,song_346,0
5,song_347,0
0,song_348,0
5,song_349,0
5,song_350,0
0,song_351,0
0,song_352,0
2,song_354,0
6,song_355,0
5,song_356,0
0,song_357,0
5,song_358,0
0,song_359,0
1,song_360,0
0,song_361,0
1,song_362,0
0,song_363,0
1,song_364,0
14,song_365,0
3,song_366,0
0,song_367,0
6,song_368,0
1,song_369,0
13,song_370,0
0,song_371,0
0,song_372,0
0,song_373,0
4,song_374,0
12,song_375,0
0,song_376,0
8,song_377,0
0,song_378,0
11,song_379,0
8,song_380,0
8,song_381,0
0,song_382,0
8,song_383,0
0,song_384,0
9,song_385,0
0,song_386,0
11,song_387,0
3,song_388,0
1,song_389,0
8,song_390,0
6,song_391,0
13,song_392,0
7,song_393,0
3,song_394,0
0,song_395,0
1,song_396,0
13,song_397,0
0,song_398,0
0,song_399,0
8,song_400,0
8,song_401,0
9,song_402,0
0,song_403,0
9,song_404,0
0,song_405,0
0,song_406,0
9,song_407,0
4,song_408,0
1,song_409,0
0,song_410,0
0,song_411,0
7,song_412,0
9,song_413,0
7,song_414,0
0,song_415,0
4,song_416,0
0,song_417,0
5,song_418,0
8,song_419,0
0,song_420,0
0,song_421,0
0,song_422,0
6,song_423,0
1,song_424,0
6,song_425,0
7,song_426,0
5,song_427,0
9,song_428,0
0,song_429,0
4,song_430,0
0,song_431,0
0,song_432,0
0,song_433,0
0,song_434,0
1,song_435,0
8,song_436,0
14,song_437,0
5,song_438,0
10,song_439,0
13,song_440,0
1,song_441,0
7,song_442,0
14,song_443,0
5,song_444,0
0,song_445,0
1,song_446,0
1,song_447,0
0,song_448,0
8,song_449,0
0,song_450,0
13,song_451,0
8,song_452,0
8,song_453,0
2,song_454,0
5,song_455,0
6,song_456,0
6,song_457,0
7,song_458,0
1,song_459,0
0,song_460,0
10,song_461,0
9,song_462,0
9,song_463,0
6,song_464,0
14,song_465,0
0,song_466,0
3,song_467,0
5,song_468,0
7,song_469,0
0,song_470,0
0,song_471,0
5,song_472,0
0,song_473,0
0,song_474,0
1,song_475,0
0,song_476,0
1,song_477,0
0,song_478,0
8,song_479,0
5,song_480,0
0,song_481,0
1,song_482,0
0,song_483,0
0,song_484,0
0,song_485,0
0,song_486,0
0,song_487,0
12,song_488,0
7,song_489,0
14,song_490,0
5,song_491,0
7,song_492,0
9,song_493,0
2,song_495,0
0,song_496,0
6,song_497,0
5,song_498,0
3,song_499,0
7,song_500,0
5,song_501,0
0,song_502,0
10,song_503,0
3,song_504,0
9,song_505,0
0,song_506,0
5,song_507,0
5,song_508,0
7,song_509,0
8,song_510,0
3,song_511,0
4,song_512,0
0,song_513,0
8,song_514,0
5,song_515,0
8,song_516,0
10,song_517,0
5,song_518,0
8,song_519,0
0,song_520,0
6,song_521,0
11,song_522,0
4,song_523,0
0,song_524,0
0,song_525,0
1,song_526,0
5,song_527,0
5,song_528,0
3,song_529,0
6,song_530,0
0,song_531,0
0,song_532,0
9,song_533,0
14,song_534,0
5,song_535,0
1,song_536,0
0,song_537,0
8,song_538,0
6,song_539,0
5,song_540,0
6,song_541,0
0,song_542,0
8,song_543,0
1,song_544,0
8,song_545,0
12,song_546,0
0,song_547,0
8,song_548,0
7,song_549,0
1,song_550,0
2,song_551,0
0,song_552,0
0,song_553,0
5,song_554,0
1,song_555,0
2,song_556,0
2,song_557,0
2,song_558,0
0,song_559,0
5,song_560,0
8,song_561,0
11,song_562,0
0,song_563,0
8,song_564,0
0,song_565,0
1,song_566,0
10,song_567,0
7,song_568,0
0,song_569,0
14,song_570,0
14,song_571,0
3,song_572,0
11,song_573,0
8,song_574,0
0,song_575,0
5,song_576,0
7,song_577,0
13,song_578,0
1,song_579,0
1,song_580,0
8,song_581,0
0,song_582,0
10,song_583,0
1,song_584,0
0,song_585,0
10,song_586,0
10,song_587,0
14,song_588,0
9,song_589,0
10,song_590,0
0,song_591,0
3,song_592,0
9,song_593,0
1,song_594,0
0,song_595,0
5,song_596,0
0,song_597,0
1,song_598,0
0,song_599,0
8,song_600,0
9,song_601,0
0,song_602,0
7,song_603,0
10,song_604,0
1,song_605,0
2,song_606,0
0,song_607,0
0,song_608,0
6,song_609,0
5,song_610,0
8,song_611,0
8,song_612,0
1,song_613,0
5,song_614,0
5,song_615,0
9,song_616,0
0,song_617,0
5,song_618,0
0,song_619,0
8,song_620,0
6,song_621,0
1,song_622,0
4,song_623,0
7,song_624,0
0,song_625,0
8,song_626,0
7,song_627,0
11,song_628,0
0,song_629,0
8,song_630,0
8,song_631,0
0,song_632,0
5,song_633,0
11,song_634,0
1,song_635,0
0,song_636,0
4,song_637,0
7,song_638,0
8,song_639,0
8,song_640,0
0,song_641,0
1,song_642,0
1,song_643,0
7,song_644,0
1,song_645,0
5,song_646,0
4,song_647,0
8,song_648,0
5,song_649,0
5,song_650,0
5,song_652,0
5,song_653,0
1,song_654,0
0,song_655,0
9,song_656,0
10,song_657,0
5,song_658,0
8,song_659,0
3,song_660,0
1,song_661,0
8,song_662,0
8,song_663,0
0,song_664,0
0,song_665,0
8,song_666,0
1,song_667,0
8,song_668,0
0,song_669,0
10,song_670,0
8,song_671,0
5,song_672,0
10,song_673,0
8,song_674,0
8,song_675,0
0,song_676,0
8,song_677,0
9,song_678,0
1,song_679,0
11,song_680,0
5,song_681,0
8,song_682,0
8,song_683,0
0,song_684,0
0,song_685,0
13,song_686,0
0,song_687,0
1,song_688,0
6,song_689,0
5,song_690,0
5,song_691,0
0,song_692,0
5,song_693,0
1,song_694,0
7,song_695,0
1,song_696,0
14,song_697,0
2,song_698,0
11,song_699,0
1,song_700,0
5,song_701,0
8,song_702,0
6,song_703,0
1,song_704,0
0,song_705,0
0,song_706,0
4,song_707,0
9,song_708,0
3,song_709,0
11,song_710,0
0,song_711,0
0,song_712,0
0,song_713,0
2,song_714,0
8,song_715,0
0,song_716,0
8,song_717,0
0,song_718,0
13,song_719,0
0,song_720,0
0,song_721,0
13,song_722,0
8,song_723,0
8,song_724,0
10,song_725,0
0,song_726,0
5,song_727,0
9,song_728,0
5,song_729,0
8,song_730,0
0,song_731,0
1,song_732,0
14,song_733,0
14,song_734,0
7,song_735,0
7,song_736,0
7,song_737,0
0,song_738,0
9,song_739,0
0,song_740,0
11,song_741,0
7,song_742,0
1,song_743,0
8,song_744,0
10,song_745,0
3,song_746,0
0,song_747,0
0,song_748,0
0,song_749,0
5,song_750,0
1,song_751,0
6,song_752,0
8,song_753,0
6,song_754,0
0,song_755,0
8,song_756,0
0,song_757,0
0,song_758,0
1,song_759,0
8,song_760,0
2,song_761,0
11,song_762,0
8,song_763,0
7,song_764,0
1,song_765,0
5,song_766,0
13,song_767,0
8,song_768,0
2,song_769,0
14,song_770,0
0,song_771,0
1,song_772,0
2,song_773,0
1,song_774,0
2,song_775,0
3,song_776,0
12,song_777,0
5,song_778,0
0,song_779,0
0,song_780,0
0,song_781,0
8,song_782,0
6,song_783,0
3,song_784,0
6,song_785,0
0,song_786,0
12,song_787,0
9,song_788,0
5,song_789,0
3,song_790,0
5,song_791,0
5,song_792,0
4,song_793,0
5,song_794,0
0,song_795,0
1,song_796,0
3,song_797,0
0,song_798,0
14,song_799,0
8,song_800,0
13,song_801,0
3,song_802,0
6,song_803,0
7,song_804,0
4,song_805,0
5,song_806,0
3,song_807,0
0,song_808,0
10,song_809,0
11,song_810,0
1,song_811,0
9,song_812,0
3,song_813,0
0,song_814,0
1,song_815,0
6,song_816,0
3,song_817,0
0,song_818,0
3,song_819,0
9,song_820,0
9,song_821,0
14,song_822,0
13,song_823,0
0,song_824,0
3,song_825,0
5,song_826,0
0,song_827,0
0,song_828,0
5,song_829,0
0,song_830,0
0,song_831,0
7,song_832,0
8,song_833,0
6,song_834,0
0,song_835,0
8,song_836,0
5,song_837,0
0,song_838,0
3,song_839,0
14,song_840,0
6,song_841,0
9,song_842,0
5,song_843,0
1,song_844,0
5,song_845,0
0,song_846,0
0,song_847,0
9,song_848,0
0,song_849,0
13,song_850,0
10,song_851,0
6,song_852,0
10,song_853,0
0,song_854,0
10,song_855,0
5,song_856,0
8,song_857,0
2,song_858,0
8,song_859,0
11,song_860,0
5,song_861,0
7,song_862,0
0,song_863,0
0,song_864,0
0,song_865,0
7,song_866,0
3,song_867,0
3,song_868,0
8,song_869,0
0,song_870,0
8,song_871,0
8,song_872,0
0,song_873,0
7,song_874,0
8,song_875,0
0,song_876,0
1,song_877,0
1,song_878,0
5,song_879,0
7,song_880,0
5,song_881,0
8,song_883,0
11,song_884,0
13,song_885,0
0,song_886,0
1,song_887,0
4,song_888,0
5,song_889,0
8,song_890,0
5,song_891,0
5,song_892,0
5,song_893,0
1,song_894,0
11,song_895,0
5,song_896,0
3,song_897,0
8,song_898,0
9,song_899,0
8,song_900,0
0,song_901,0
12,song_902,0
13,song_903,0
7,song_904,0
9,song_905,0
0,song_906,0
0,song_908,0
11,song_909,0
1,song_910,0
8,song_911,0
6,song_912,0
7,song_913,0
6,song_914,0
8,song_915,0
11,song_916,0
8,song_917,0
3,song_918,0
0,song_919,0
8,song_920,0
9,song_921,0
8,song_922,0
6,song_923,0
12,song_924,0
11,song_925,0
0,song_926,0
5,song_927,0
7,song_928,0
8,song_929,0
13,song_930,0
1,song_931,0
1,song_932,0
0,song_933,0
0,song_934,0
13,song_935,0
0,song_936,0
1,song_937,0
13,song_938,0
8,song_939,0
7,song_940,0
6,song_941,0
6,song_942,0
1,song_943,0
6,song_944,0
7,song_945,0
1,song_946,0
8,song_947,0
13,song_948,0
0,song_949,0
1,song_950,0
7,song_951,0
0,song_952,0
11,song_953,0
0,song_954,0
0,song_955,0
1,song_956,0
5,song_957,0
11,song_958,0
0,song_959,0
0,song_960,0
3,song_961,0
0,song_962,0
8,song_963,0
0,song_964,0
5,song_965,0
0,song_966,0
0,song_967,0
8,song_968,0
2,song_969,0
0,song_970,0
1,song_971,0
12,song_972,0
5,song_973,0
2,song_974,0
6,song_975,0
0,song_976,0
8,song_977,0
14,song_978,0
3,song_979,0
8,song_980,0
0,song_981,0
0,song_982,0
10,song_983,0
7,song_984,0
5,song_985,0
8,song_986,0
0,song_987,0
8,song_988,0
0,song_989,0
13,song_990,0
2,song_991,0
0,song_992,0
8,song_994,0
8,song_995,0
9,song_996,0
7,song_997,0
9,song_999,0
7,song_1000,0
4,song_1001,0
2,song_1002,0
1,song_1003,0
6,song_1004,0
3,song_1005,0
4,song_1006,0
14,song_1007,0
3,song_1008,0
0,song_1009,0
7,song_1010,0
12,song_1011,0
3,song_1012,0
3,song_1013,0
5,song_1014,0
6,song_1015,0
8,song_1016,0
0,song_1017,0
7,song_1018,0
7,song_1019,0
0,song_1020,0
0,song_1021,0
3,song_1022,0
3,song_1023,0
0,song_1024,0
0,song_1025,0
0,song_1026,0
8,song_1027,0
5,song_1028,0
10,song_1029,0
12,song_1030,0
12,song_1031,0
3,song_1032,0
2,song_1033,0
4,song_1034,0
0,song_1035,0
12,song_1036,0
5,song_1037,0
5,song_1038,0
11,song_1039,0
8,song_1040,0
3,song_1041,0
13,song_1042,0
14,song_1043,0
6,song_1044,0
5,song_1045,0
13,song_1046,0
6,song_1047,0
11,song_1048,0
5,song_1050,0
6,song_1051,0
3,song_1052,0
5,song_1053,0
8,song_1054,0
7,song_1055,0
11,song_1056,0
0,song_1057,0
0,song_1058,0
3,song_1059,0
8,song_1060,0
0,song_1061,0
7,song_1062,0
3,song_1063,0
8,song_1064,0
3,song_1065,0
8,song_1066,0
0,song_1067,0
3,song_1068,0
8,song_1069,0
0,song_1070,0
6,song_1071,0
8,song_1072,0
5,song_1073,0
12,song_1074,0
0,song_1075,0
14,song_1076,0
7,song_1077,0
7,song_1078,0
3,song_1079,0
4,song_1080,0
8,song_1081,0
8,song_1082,0
0,song_1083,0
0,song_1084,0
0,song_1085,0
5,song_1086,0
0,song_1087,0
13,song_1088,0
9,song_1089,0
0,song_1090,0
1,song_1091,0
5,song_1092,0
0,song_1093,0
9,song_1094,0
3,song_1095,0
6,song_1096,0
4,song_1097,0
8,song_1098,0
8,song_1099,0
5,song_1100,0
7,song_1101,0
1,song_1102,0
5,song_1103,0
7,song_1104,0
5,song_1105,0
0,song_1106,0
1,song_1107,0
0,song_1108,0
0,song_1109,0
8,song_1110,0
0,song_1111,0
5,song_1112,0
7,song_1113,0
0,song_1114,0
0,song_1115,0
7,song_1116,0
1,song_1117,0
0,song_1118,0
5,song_1119,0
10,song_1120,0
3,song_1121,0
0,song_1122,0
1,song_1123,0
8,song_1124,0
1,song_1125,0
1,song_1126,0
0,song_1127,0
6,song_1128,0
5,song_1129,0
5,song_1130,0
1,song_1131,0
5,song_1132,0
0,song_1133,0
11,song_1134,0
0,song_1135,0
8,song_1136,0
2,song_1137,0
11,song_1138,0
0,song_1139,0
8,song_1140,0
0,song_1141,0
5,song_1142,0
8,song_1143,0
0,song_1144,0
1,song_1145,0
8,song_1146,0
2,song_1147,0
1,song_1148,0
0,song_1149,0
14,song_1150,0
7,song_1151,0
8,song_1153,0
11,song_1154,0
8,song_1155,0
8,song_1156,0
5,song_1157,0
8,song_1158,0
3,song_1159,0
0,song_1160,0
3,song_1161,0
0,song_1162,0
8,song_1163,0
1,song_1164,0
1,song_1165,0
0,song_1166,0
8,song_1167,0
6,song_1168,0
3,song_1169,0
8,song_1170,0
7,song_1171,0
0,song_1172,0
0,song_1173,0
0,song_1174,0
7,song_1175,0
14,song_1176,0
0,song_1177,0
0,song_1178,0
5,song_1179,0
11,song_1180,0
13,song_1181,0
13,song_1182,0
0,song_1183,0
0,song_1184,0
1,song_1185,0
0,song_1186,0
12,song_1187,0
0,song_1188,0
5,song_1189,0
0,song_1190,0
3,song_1191,0
10,song_1192,0
13,song_1193,0
4,song_1194,0
0,song_1195,0
0,song_1196,0
0,song_1197,0
5,song_1198,0
2,song_1199,0
12,song_1200,0
8,song_1201,0
0,song_1202,0
13,song_1203,0
8,song_1204,0
6,song_1205,0
14,song_1206,0
12,song_1207,0
2,song_1208,0
5,song_1209,0
3,song_1210,0
5,song_1211,0
0,song_1212,0
8,song_1213,0
2,song_1214,0
0,song_1215,0
2,song_1216,0
14,song_1217,0
5,song_1218,0
0,song_1219,0
6,song_1220,0
8,song_1221,0
0,song_1222,0
2,song_1223,0
10,song_1224,0
0,song_1225,0
0,song_1226,0
3,song_1227,0
5,song_1228,0
0,song_1229,0
0,song_1230,0
5,song_1231,0
0,song_1232,0
2,song_1233,0
0,song_1234,0
4,song_1235,0
8,song_1236,0
11,song_1237,0
6,song_1238,0
3,song_1239,0
9,song_1240,0
0,song_1241,0
7,song_1242,0
0,song_1243,0
0,song_1244,0
2,song_1245,0
1,song_1246,0
5,song_1247,0
8,song_1248,0
5,song_1249,0
1,song_1250,0
8,song_1251,0
7,song_1252,0
0,song_1253,0
0,song_1254,0
0,song_1256,0
6,song_1257,0
0,song_1258,0
6,song_1259,0
1,song_1260,0
7,song_1261,0
8,song_1262,0
7,song_1263,0
2,song_1264,0
0,song_1265,0
0,song_1266,0
1,song_1267,0
2,song_1268,0
8,song_1269,0
5,song_1270,0
6,song_1271,0
2,song_1272,0
14,song_1273,0
11,song_1274,0
7,song_1275,0
3,song_1276,0
13,song_1277,0
6,song_1278,0
6,song_1279,0
11,song_1280,0
7,song_1281,0
0,song_1282,0
0,song_1283,0
0,song_1284,0
11,song_1285,0
0,song_1286,0
0,song_1287,0
1,song_1288,0
8,song_1289,0
0,song_1290,0
0,song_1291,0
1,song_1292,0
0,song_1293,0
8,song_1294,0
14,song_1295,0
14,song_1296,0
13,song_1297,0
5,song_1298,0
0,song_1299,0
5,song_1300,0
5,song_1301,0
10,song_1302,0
0,song_1303,0
0,song_1304,0
7,song_1305,0
7,song_1306,0
5,song_1307,0
8,song_1308,0
11,song_1309,0
8,song_1310,0
5,song_1311,0
1,song_1313,0
10,song_1314,0
5,song_1315,0
5,song_1316,0
0,song_1317,0
12,song_1318,0
14,song_1319,0
4,song_1320,0
1,song_1321,0
11,song_1322,0
9,song_1323,0
8,song_1324,0
0,song_1325,0
0,song_1326,0
0,song_1327,0
6,song_1328,0
0,song_1329,0
8,song_1330,0
11,song_1331,0
11,song_1332,0
9,song_1333,0
0,song_1334,0
1,song_1335,0
0,song_1336,0
1,song_1337,0
10,song_1338,0
8,song_1339,0
0,song_1340,0
1,song_1341,0
8,song_1342,0
0,song_1343,0
8,song_1344,0
0,song_1345,0
7,song_1346,0
3,song_1347,0
0,song_1348,0
8,song_1349,0
0,song_1350,0
6,song_1351,0
8,song_1352,0
8,song_1353,0
5,song_1354,0
4,song_1355,0
5,song_1356,0
0,song_1357,0
0,song_1358,0
8,song_1359,0
8,song_1360,0
1,song_1361,0
5,song_1362,0
11,song_1363,0
6,song_1364,0
3,song_1365,0
0,song_1366,0
6,song_1367,0
5,song_1368,0
7,song_1369,0
3,song_1370,0
7,song_1371,0
5,song_1372,0
5,song_1373,0
6,song_1374,0
6,song_1375,0
8,song_1376,0
7,song_1377,0
5,song_1378,0
0,song_1380,0
4,song_1381,0
8,song_1382,0
7,song_1383,0
0,song_1384,0
9,song_1385,0
11,song_1386,0
11,song_1387,0
6,song_1389,0
1,song_1390,0
7,song_1391,0
0,song_1392,0
7,song_1393,0
0,song_1394,0
0,song_1395,0
0,song_1396,0
2,song_1397,0
8,song_1398,0
0,song_1399,0
4,song_1400,0
6,song_1401,0
0,song_1402,0
11,song_1403,0
14,song_1404,0
8,song_1405,0
6,song_1406,0
7,song_1407,0
8,song_1408,0
5,song_1409,0
0,song_1410,0
6,song_1411,0
8,song_1412,0
7,song_1413,0
7,song_1414,0
14,song_1415,0
13,song_1416,0
7,song_1417,0
2,song_1418,0
6,song_1419,0
7,song_1420,0
2,song_1421,0
6,song_1422,0
9,song_1423,0
0,song_1424,0
3,song_1425,0
0,song_1426,0
0,song_1427,0
0,song_1428,0
8,song_1429,0
5,song_1430,0
5,song_1431,0
0,song_1432,0
1,song_1433,0
5,song_1434,0
9,song_1436,0
1,song_1437,0
1,song_1438,0
8,song_1439,0
5,song_1440,0
8,song_1441,0
0,song_1442,0
11,song_1443,0
0,song_1444,0
0,song_1445,0
2,song_1447,0
1,song_1448,0
5,song_1449,0
5,song_1450,0
0,song_1451,0
8,song_1452,0
13,song_1453,0
0,song_1454,0
1,song_1455,0
0,song_1456,0
5,song_1457,0
11,song_1458,0
14,song_1459,0
0,song_1460,0
0,song_1461,0
1,song_1462,0
2,song_1463,0
0,song_1464,0
0,song_1465,0
11,song_1466,0
11,song_1467,0
3,song_1468,0
0,song_1469,0
9,song_1470,0
0,song_1471,0
3,song_1472,0
9,song_1473,0
13,song_1474,0
3,song_1475,0
14,song_1476,0
14,song_1477,0
8,song_1478,0
8,song_1479,0
9,song_1480,0
5,song_1481,0
0,song_1482,0
0,song_1483,0
3,song_1484,0
8,song_1485,0
8,song_1486,0
2,song_1487,0
2,song_1488,0
11,song_1489,0
3,song_1490,0
8,song_1491,0
3,song_1492,0
5,song_1494,0
0,song_1495,0
9,song_1496,0
5,song_1497,0
0,song_1498,0
5,song_1499,0
0,song_1500,0
1,song_1501,0
3,song_1502,0
0,song_1503,0
0,song_1504,0
8,song_1505,0
2,song_1507,0
1,song_1508,0
9,song_1509,0
0,song_1510,0
0,song_1511,0
9,song_1512,0
12,song_1513,0
0,song_1514,0
2,song_1515,0
0,song_1516,0
0,song_1517,0
6,song_1518,0
1,song_1519,0
9,song_1520,0
11,song_1521,0
3,song_1522,0
1,song_1523,0
0,song_1524,0
8,song_1525,0
11,song_1526,0
9,song_1527,0
2,song_1528,0
0,song_1529,0
9,song_1530,0
0,song_1531,0
5,song_1532,0
8,song_1533,0
0,song_1534,0
1,song_1535,0
1,song_1536,0
0,song_1537,0
8,song_1538,0
12,song_1539,0
5,song_1540,0
5,song_1541,0
0,song_1542,0
0,song_1543,0
0,song_1544,0
7,song_1545,0
1,song_1546,0
0,song_1547,0
8,song_1548,0
5,song_1549,0
1,song_1550,0
9,song_1551,0
6,song_1552,0
0,song_1553,0
5,song_1554,0
9,song_1555,0
0,song_1556,0
8,song_1557,0
3,song_1558,0
8,song_1559,0
14,song_1560,0
0,song_1561,0
8,song_1562,0
0,song_1563,0
6,song_1564,0
7,song_1565,0
2,song_1566,0
1,song_1567,0
5,song_1568,0
0,song_1569,0
3,song_1570,0
0,song_1571,0
8,song_1572,0
6,song_1573,0
4,song_1574,0
0,song_1575,0
11,song_1576,0
3,song_1577,0
1,song_1578,0
0,song_1579,0
7,song_1580,0
12,song_1581,0
9,song_1582,0
10,song_1583,0
8,song_1584,0
0,song_1585,0
1,song_1586,0
1,song_1587,0
0,song_1588,0
0,song_1589,0
11,song_1590,0
7,song_1591,0
0,song_1592,0
7,song_1593,0
0,song_1594,0
0,song_1595,0
0,song_1596,0
10,song_1597,0
3,song_1598,0
1,song_1599,0
5,song_1600,0
0,song_1601,0
0,song_1602,0
1,song_1603,0
1,song_1604,0
6,song_1605,0
9,song_1606,0
0,song_1607,0
0,song_1608,0
8,song_1609,0
13,song_1610,0
5,song_1611,0
8,song_1612,0
5,song_1613,0
0,song_1614,0
9,song_1615,0
1,song_1616,0
1,song_1617,0
8,song_1618,0
0,song_1619,0
11,song_1620,0
1,song_1621,0
1,song_1622,0
4,song_1623,0
7,song_1624,0
12,song_1625,0
0,song_1626,0
8,song_1627,0
0,song_1628,0
8,song_1629,0
0,song_1630,0
11,song_1631,0
0,song_1632,0
8,song_1633,0
10,song_1634,0
8,song_1635,0
8,song_1636,0
10,song_1637,0
10,song_1639,0
5,song_1640,0
8,song_1641,0
2,song_1642,0
7,song_1643,0
8,song_1644,0
1,song_1645,0
8,song_1646,0
3,song_1647,0
0,song_1648,0
5,song_1649,0
3,song_1650,0
8,song_1651,0
0,song_1652,0
10,song_1653,0
0,song_1654,0
13,song_1655,0
10,song_1656,0
9,song_1657,0
1,song_1658,0
0,song_1659,0
0,song_1660,0
7,song_1661,0
1,song_1662,0
0,song_1663,0
11,song_1664,0
5,song_1665,0
7,song_1666,0
9,song_1667,0
0,song_1668,0
5,song_1669,0
5,song_1670,0
9,song_1671,0
8,song_1672,0
8,song_1673,0
1,song_1674,0
1,song_1675,0
4,song_1676,0
8,song_1677,0
14,song_1678,0
12,song_1679,0
4,song_1680,0
14,song_1681,0
3,song_1682,0
2,song_1683,0
7,song_1684,0
0,song_1685,0
8,song_1686,0
7,song_1687,0
6,song_1688,0
0,song_1689,0
1,song_1690,0
0,song_1691,0
6,song_1692,0
0,song_1693,0
12,song_1694,0
0,song_1695,0
12,song_1696,0
11,song_1697,0
10,song_1698,0
6,song_1699,0
9,song_1700,0
0,song_1701,0
6,song_1702,0
0,song_1703,0
4,song_1704,0
0,song_1705,0
0,song_1706,0
8,song_1707,0
8,song_1708,0
0,song_1709,0
0,song_1710,0
0,song_1711,0
0,song_1712,0
0,song_1713,0
1,song_1714,0
9,song_1715,0
2,song_1716,0
3,song_1717,0
2,song_1718,0
8,song_1719,0
0,song_1720,0
8,song_1721,0
8,song_1722,0
11,song_1723,0
1,song_1724,0
8,song_1725,0
0,song_1726,0
5,song_1727,0
3,song_1728,0
2,song_1729,0
8,song_1730,0
0,song_1731,0
8,song_1732,0
5,song_1733,0
0,song_1734,0
8,song_1735,0
0,song_1736,0
10,song_1737,0
0,song_1738,0
14,song_1739,0
5,song_1740,0
0,song_1741,0
8,song_1742,0
8,song_1743,0
5,song_1744,0
0,song_1745,0
2,song_1746,0
9,song_1747,0
1,song_1748,0
9,song_1749,0
0,song_1750,0
13,song_1751,0
0,song_1752,0
0,song_1753,0
2,song_1754,0
12,song_1755,0
4,song_1756,0
6,song_1757,0
14,song_1758,0
11,song_1759,0
9,song_1760,0
8,song_1761,0
8,song_1762,0
8,song_1763,0
8,song_1764,0
0,song_1765,0
3,song_1766,0
6,song_1767,0
5,song_1768,0
0,song_1769,0
10,song_1770,0
6,song_1771,0
8,song_1772,0
6,song_1773,0
8,song_1774,0
12,song_1775,0
0,song_1776,0
1,song_1777,0
7,song_1778,0
7,song_1779,0
2,song_1780,0
7,song_1781,0
8,song_1782,0
1,song_1783,0
8,song_1784,0
11,song_1785,0
0,song_1786,0
0,song_1787,0
5,song_1788,0
11,song_1789,0
5,song_1790,0
0,song_1791,0
5,song_1792,0
12,song_1793,0
12,song_1794,0
5,song_1795,0
0,song_1796,0
5,song_1797,0
12,song_1798,0
10,song_1799,0
2,song_1800,0
10,song_1801,0
0,song_1802,0
10,song_1803,0
3,song_1804,0
10,song_1805,0
0,song_1806,0
9,song_1807,0
1,song_1808,0
8,song_1809,0
1,song_1810,0
1,song_1811,0
8,song_1812,0
9,song_1813,0
5,song_1814,0
5,song_1815,0
6,song_1816,0
13,song_1817,0
7,song_1818,0
0,song_1819,0
6,song_1820,0
9,song_1821,0
1,song_1822,0
0,song_1823,0
8,song_1824,0
3,song_1825,0
1,song_1826,0
0,song_1827,0
6,song_1828,0
5,song_1829,0
0,song_1830,0
5,song_1831,0
0,song_1832,0
0,song_1833,0
0,song_1834,0
3,song_1835,0
8,song_1836,0
0,song_1837,0
3,song_1838,0
1,song_1839,0
5,song_1840,0
7,song_1841,0
8,song_1842,0
0,song_1843,0
1,song_1844,0
0,song_1845,0
8,song_1846,0
9,song_1847,0
6,song_1849,0
0,song_1850,0
8,song_1851,0
1,song_1852,0
0,song_1853,0
5,song_1854,0
8,song_1855,0
3,song_1856,0
0,song_1857,0
5,song_1858,0
9,song_1859,0
5,song_1860,0
11,song_1861,0
5,song_1862,0
2,song_1863,0
0,song_1864,0
4,song_1865,0
8,song_1866,0
0,song_1867,0
8,song_1868,0
5,song_1869,0
8,song_1870,0
1,song_1871,0
0,song_1872,0
1,song_1873,0
7,song_1874,0
9,song_1875,0
9,song_1876,0
0,song_1877,0
13,song_1878,0
3,song_1879,0
7,song_1880,0
0,song_1881,0
0,song_1882,0
7,song_1883,0
0,song_1884,0
1,song_1885,0
0,song_1886,0
13,song_1887,0
1,song_1888,0
8,song_1889,0
9,song_1890,0
2,song_1891,0
9,song_1892,0
8,song_1893,0
11,song_1894,0
0,song_1895,0
8,song_1896,0
0,song_1897,0
8,song_1898,0
0,song_1899,0
8,song_1900,0
0,song_1901,0
0,song_1902,0
11,song_1903,0
4,song_1904,0
2,song_1905,0
3,song_1906,0
8,song_1907,0
0,song_1908,0
8,song_1909,0
5,song_1910,0
7,song_1911,0
5,song_1912,0
10,song_1913,0
9,song_1914,0
7,song_1915,0
11,song_1916,0
3,song_1917,0
8,song_1918,0
0,song_1919,0
0,song_1920,0
5,song_1921,0
7,song_1922,0
8,song_1923,0
3,song_1924,0
0,song_1925,0
11,song_1926,0
0,song_1927,0
0,song_1928,0
8,song_1929,0
1,song_1930,0
8,song_1931,0
0,song_1932,0
10,song_1933,0
13,song_1934,0
1,song_1935,0
14,song_1936,0
7,song_1937,0
7,song_1938,0
0,song_1939,0
5,song_1940,0
5,song_1941,0
10,song_1942,0
8,song_1943,0
0,song_1944,0
3,song_1945,0
4,song_1946,0
8,song_1947,0
5,song_1948,0
10,song_1949,0
5,song_1950,0
8,song_1951,0
8,song_1952,0
8,song_1953,0
14,song_1954,0
0,song_1955,0
0,song_1956,0
8,song_1957,0
5,song_1958,0
3,song_1959,0
5,song_1960,0
6,song_1961,0
5,song_1962,0
5,song_1963,0
1,song_1964,0
5,song_1965,0
0,song_1966,0
5,song_1967,0
0,song_1968,0
5,song_1969,0
12,song_1970,0
3,song_1971,0
8,song_1972,0
2,song_1973,0
3,song_1974,0
8,song_1975,0
8,song_1976,0
7,song_1977,0
0,song_1978,0
13,song_1979,0
9,song_1980,0
11,song_1981,0
8,song_1982,0
6,song_1983,0
0,song_1984,0
7,song_1985,0
0,song_1986,0
0,song_1987,0
0,song_1988,0
1,song_1989,0
8,song_1990,0
8,song_1991,0
6,song_1992,0
5,song_1993,0
9,song_1994,0
7,song_1995,0
1,song_1996,0
5,song_1997,0
11,song_1998,0
11,song_1999,0
6,song_2000,0
13,song_2001,0
11,song_2002,0
0,song_2003,0
8,song_2004,0
5,song_2005,0
0,song_2006,0
0,song_2007,0
8,song_2008,0
8,song_2009,0
6,song_2010,0
0,song_2011,0
8,song_2012,0
5,song_2013,0
1,song_2014,0
7,song_2015,0
7,song_2016,0
1,song_2017,0
0,song_2018,0
1,song_2019,0
5,song_2020,0
10,song_2021,0
13,song_2022,0
7,song_2023,0
14,song_2024,0
0,song_2025,0
1,song_2026,0
8,song_2027,0
10,song_2028,0
1,song_2029,0
0,song_2030,0
10,song_2032,0
1,song_2033,0
9,song_2034,0
5,song_2035,0
5,song_2036,0
0,song_2037,0
0,song_2038,0
5,song_2039,0
13,song_2040,0
5,song_2041,0
1,song_2042,0
0,song_2043,0
14,song_2044,0
5,song_2045,0
0,song_2046,0
7,song_2047,0
3,song_2048,0
13,song_2049,0
10,song_2050,0
10,song_2051,0
0,song_2052,0
6,song_2053,0
6,song_2054,0
7,song_2055,0
8,song_2056,0
8,song_2057,0
1,song_2058,0
4,song_2059,0
4,song_2060,0
5,song_2061,0
0,song_2062,0
6,song_2063,0
8,song_2064,0
0,song_2065,0
5,song_2066,0
11,song_2067,0
0,song_2068,0
8,song_2069,0
13,song_2070,0
14,song_2071,0
6,song_2072,0
8,song_2073,0
5,song_2074,0
1,song_2075,0
11,song_2076,0
7,song_2077,0
3,song_2078,0
9,song_2079,0
7,song_2080,0
2,song_2081,0
8,song_2082,0
10,song_2083,0
5,song_2084,0
8,song_2085,0
1,song_2086,0
5,song_2087,0
0,song_2088,0
8,song_2089,0
2,song_2090,0
0,song_2091,0
10,song_2092,0
7,song_2093,0
0,song_2094,0
8,song_2095,0
8,song_2096,0
8,song_2097,0
8,song_2098,0
5,song_2099,0
7,song_2100,0
11,song_2101,0
9,song_2103,0
12,song_2104,0
8,song_2105,0
7,song_2106,0
8,song_2107,0
12,song_2108,0
0,song_2109,0
2,song_2110,0
0,song_2111,0
0,song_2112,0
9,song_2113,0
0,song_2114,0
0,song_2115,0
5,song_2116,0
3,song_2117,0
2,song_2118,0
5,song_2119,0
9,song_2120,0
10,song_2122,0
6,song_2123,0
8,song_2124,0
8,song_2125,0
5,song_2126,0
6,song_2127,0
1,song_2128,0
14,song_2129,0
5,song_2130,0
9,song_2131,0
11,song_2132,0
11,song_2133,0
10,song_2134,0
0,song_2135,0
0,song_2136,0
1,song_2137,0
10,song_2138,0
1,song_2139,0
0,song_2140,0
0,song_2141,0
2,song_2142,0
0,song_2143,0
6,song_2144,0
1,song_2145,0
8,song_2146,0
8,song_2147,0
8,song_2148,0
1,song_2149,0
5,song_2150,0
10,song_2151,0
0,song_2152,0
0,song_2153,0
5,song_2154,0
0,song_2155,0
7,song_2156,0
2,song_2157,0
1,song_2158,0
8,song_2159,0
6,song_2160,0
3,song_2161,0
0,song_2162,0
0,song_2163,0
0,song_2164,0
5,song_2165,0
5,song_2166,0
8,song_2167,0
1,song_2168,0
7,song_2169,0
0,song_2170,0
3,song_2171,0
8,song_2172,0
0,song_2173,0
11,song_2174,0
1,song_2175,0
6,song_2176,0
5,song_2177,0
4,song_2178,0
0,song_2179,0
11,song_2180,0
0,song_2181,0
6,song_2183,0
3,song_2184,0
0,song_2185,0
1,song_2186,0
13,song_2187,0
8,song_2188,0
13,song_2189,0
0,song_2190,0
8,song_2191,0
11,song_2192,0
2,song_2193,0
3,song_2194,0
3,song_2195,0
0,song_2196,0
8,song_2197,0
8,song_2198,0
1,song_2199,0
12,song_2200,0
8,song_2201,0
0,song_2202,0
14,song_2203,0
7,song_2204,0
0,song_2205,0
1,song_2206,0
8,song_2207,0
7,song_2208,0
13,song_2209,0
0,song_2210,0
5,song_2211,0
12,song_2212,0
2,song_2213,0
14,song_2214,0
0,song_2215,0
2,song_2216,0
10,song_2217,0
13,song_2218,0
3,song_2219,0
9,song_2220,0
3,song_2221,0
8,song_2222,0
6,song_2224,0
14,song_2225,0
7,song_2226,0
0,song_2227,0
6,song_2228,0
10,song_2229,0
0,song_2230,0
2,song_2231,0
0,song_2232,0
4,song_2233,0
13,song_2234,0
9,song_2235,0
6,song_2236,0
6,song_2237,0
3,song_2238,0
0,song_2239,0
9,song_2240,0
6,song_2241,0
5,song_2242,0
12,song_2243,0
0,song_2244,0
5,song_2245,0
4,song_2246,0
8,song_2247,0
9,song_2248,0
10,song_2250,0
2,song_2251,0
0,song_2252,0
0,song_2253,0
14,song_2254,0
0,song_2255,0
0,song_2256,0
0,song_2257,0
8,song_2258,0
1,song_2259,0
6,song_2260,0
5,song_2261,0
8,song_2262,0
8,song_2263,0
14,song_2264,0
3,song_2265,0
5,song_2266,0
8,song_2267,0
8,song_2268,0
6,song_2269,0
8,song_2270,0
8,song_2271,0
9,song_2272,0
0,song_2273,0
7,song_2274,0
13,song_2275,0
12,song_2276,0
7,song_2277,0
6,song_2278,0
5,song_2279,0
5,song_2280,0
13,song_2281,0
5,song_2282,0
0,song_2283,0
0,song_2284,0
9,song_2285,0
0,song_2286,0
1,song_2287,0
14,song_2288,0
12,song_2289,0
4,song_2290,0
6,song_2291,0
8,song_2292,0
6,song_2293,0
4,song_2294,0
5,song_2295,0
7,song_2296,0
2,song_2297,0
8,song_2298,0
8,song_2299,0
0,song_2300,0
14,song_2301,0
5,song_2302,0
11,song_2303,0
14,song_2304,0
0,song_2305,0
9,song_2306,0
8,song_2307,0
0,song_2308,0
5,song_2309,0
6,song_2310,0
11,song_2311,0
2,song_2312,0
8,song_2313,0
0,song_2314,0
13,song_2315,0
2,song_2316,0
8,song_2317,0
13,song_2318,0
1,song_2319,0
8,song_2320,0
0,song_2321,0
8,song_2322,0
9,song_2323,0
0,song_2324,0
3,song_2325,0
0,song_2326,0
0,song_2327,0
6,song_2328,0
14,song_2329,0
0,song_2330,0
6,song_2331,0
11,song_2332,0
5,song_2333,0
12,song_2334,0
8,song_2335,0
10,song_2336,0
8,song_2337,0
13,song_2338,0
0,song_2339,0
0,song_2340,0
6,song_2341,0
10,song_2342,0
8,song_2343,0
4,song_2344,0
2,song_2345,0
6,song_2347,0
0,song_2348,0
5,song_2349,0
0,song_2350,0
14,song_2351,0
1,song_2352,0
11,song_2353,0
0,song_2354,0
5,song_2355,0
11,song_2356,0
11,song_2357,0
8,song_2358,0
11,song_2359,0
0,song_2361,0
5,song_2362,0
5,song_2363,0
11,song_2364,0
0,song_2365,0
8,song_2366,0
1,song_2367,0
0,song_2368,0
14,song_2369,0
1,song_2370,0
0,song_2371,0
7,song_2372,0
0,song_2373,0
9,song_2374,0
0,song_2375,0
8,song_2376,0
0,song_2377,0
1,song_2378,0
1,song_2379,0
0,song_2380,0
6,song_2381,0
6,song_2382,0
7,song_2383,0
9,song_2384,0
0,song_2385,0
9,song_2386,0
4,song_2387,0
0,song_2388,0
0,song_2389,0
5,song_2390,0
5,song_2391,0
0,song_2392,0
1,song_2394,0
0,song_2395,0
12,song_2396,0
0,song_2397,0
8,song_2399,0
5,song_2400,0
0,song_2401,0
2,song_2402,0
7,song_2403,0
10,song_2404,0
12,song_2405,0
1,song_2406,0
8,song_2407,0
0,song_2408,0
14,song_2409,0
4,song_2410,0
5,song_2411,0
2,song_2412,0
10,song_2413,0
6,song_2414,0
0,song_2415,0
7,song_2416,0
0,song_2417,0
1,song_2418,0
0,song_2419,0
7,song_2420,0
5,song_2421,0
7,song_2422,0
2,song_2423,0
0,song_2424,0
2,song_2425,0
8,song_2426,0
8,song_2427,0
6,song_2428,0
8,song_2429,0
0,song_2430,0
4,song_2431,0
0,song_2432,0
3,song_2433,0
7,song_2434,0
8,song_2435,0
0,song_2436,0
0,song_2437,0
5,song_2438,0
0,song_2439,0
0,song_2440,0
8,song_2441,0
2,song_2442,0
0,song_2443,0
7,song_2444,0
6,song_2445,0
1,song_2446,0
8,song_2447,0
9,song_2448,0
9,song_2449,0
8,song_2450,0
10,song_2451,0
14,song_2452,0
0,song_2453,0
0,song_2454,0
3,song_2455,0
0,song_2456,0
5,song_2457,0
5,song_2458,0
4,song_2459,0
0,song_2460,0
2,song_2461,0
0,song_2462,0
10,song_2463,0
13,song_2464,0
1,song_2465,0
9,song_2466,0
5,song_2467,0
5,song_2468,0
11,song_2469,0
9,song_2470,0
0,song_2471,0
9,song_2472,0
0,song_2473,0
7,song_2474,0
8,song_2475,0
6,song_2476,0
5,song_2477,0
1,song_2478,0
5,song_2479,0
0,song_2480,0
9,song_2481,0
6,song_2482,0
0,song_2483,0
5,song_2484,0
0,song_2485,0
0,song_2486,0
0,song_2487,0
0,song_2488,0
7,song_2489,0
0,song_2490,0
1,song_2491,0
0,song_2492,0
0,song_2493,0
7,song_2494,0
8,song_2495,0
5,song_2496,0
1,song_2497,0
8,song_2498,0
8,song_2499,0
6,song_2500,0
0,song_2501,0
0,song_2502,0
0,song_2503,0
13,song_2504,0
1,song_2505,0
1,song_2506,0
5,song_2507,0
13,song_2508,0
8,song_2509,0
0,song_2510,0
0,song_2511,0
5,song_2512,0
2,song_2513,0
8,song_2514,0
0,song_2515,0
0,song_2516,0
8,song_2517,0
10,song_2518,0
8,song_2519,0
0,song_2520,0
1,song_2521,0
3,song_2522,0
5,song_2523,0
3,song_2524,0
8,song_2526,0
0,song_2527,0
6,song_2528,0
3,song_2529,0
1,song_2530,0
5,song_2531,0
8,song_2532,0
6,song_2533,0
0,song_2534,0
12,song_2535,0
6,song_2536,0
10,song_2537,0
7,song_2538,0
0,song_2539,0
8,song_2540,0
2,song_2541,0
0,song_2542,0
0,song_2543,0
1,song_2544,0
8,song_2545,0
9,song_2546,0
0,song_2547,0
1,song_2548,0
14,song_2549,0
12,song_2550,0
5,song_2551,0
0,song_2552,0
6,song_2553,0
14,song_2554,0
0,song_2555,0
1,song_2556,0
6,song_2557,0
10,song_2558,0
0,song_2559,0
6,song_2560,0
11,song_2561,0
11,song_2562,0
0,song_2563,0
7,song_2564,0
0,song_2565,0
3,song_2566,0
9,song_2567,0
1,song_2568,0
0,song_2569,0
11,song_2571,0
5,song_2572,0
0,song_2573,0
0,song_2574,0
5,song_2575,0
0,song_2576,0
0,song_2577,0
0,song_2578,0
0,song_2580,0
6,song_2581,0
8,song_2582,0
7,song_2583,0
7,song_2584,0
0,song_2585,0
8,song_2586,0
5,song_2587,0
0,song_2588,0
1,song_2589,0
0,song_2590,0
5,song_2591,0
6,song_2592,0
3,song_2593,0
0,song_2594,0
12,song_2595,0
0,song_2596,0
2,song_2597,0
7,song_2598,0
0,song_2599,0
8,song_2600,0
0,song_2602,0
0,song_2603,0
8,song_2604,0
1,song_2605,0
14,song_2606,0
0,song_2607,0
6,song_2608,0
14,song_2609,0
0,song_2610,0
5,song_2611,0
0,song_2612,0
6,song_2613,0
11,song_2614,0
0,song_2615,0
5,song_2616,0
7,song_2617,0
5,song_2618,0
8,song_2619,0
6,song_2620,0
2,song_2621,0
13,song_2622,0
8,song_2623,0
8,song_2624,0
11,song_2625,0
0,song_2626,0
4,song_2627,0
4,song_2628,0
0,song_2629,0
8,song_2630,0
8,song_2631,0
0,song_2632,0
5,song_2633,0
1,song_2634,0
0,song_2635,0
0,song_2636,0
8,song_2637,0
0,song_2638,0
11,song_2639,0
10,song_2640,0
4,song_2641,0
2,song_2642,0
5,song_2643,0
1,song_2644,0
12,song_2645,0
0,song_2646,0
0,song_2647,0
8,song_2648,0
13,song_2649,0
11,song_2650,0
0,song_2651,0
5,song_2652,0
0,song_2653,0
0,song_2654,0
5,song_2655,0
1,song_2656,0
7,song_2657,0
1,song_2658,0
2,song_2659,0
8,song_2660,0
6,song_2661,0
13,song_2662,0
8,song_2663,0
0,song_2664,0
10,song_2665,0
0,song_2666,0
0,song_2667,0
3,song_2668,0
8,song_2669,0
1,song_2670,0
7,song_2671,0
14,song_2672,0
6,song_2673,0
13,song_2674,0
2,song_2675,0
8,song_2676,0
9,song_2677,0
0,song_2678,0
5,song_2679,0
0,song_2680,0
0,song_2681,0
8,song_2682,0
0,song_2683,0
0,song_2684,0
6,song_2685,0
8,song_2686,0
8,song_2687,0
1,song_2688,0
9,song_2689,0
8,song_2690,0
3,song_2691,0
8,song_2692,0
1,song_2693,0
6,song_2694,0
9,song_2695,0
8,song_2696,0
0,song_2697,0
0,song_2698,0
1,song_2699,0
5,song_2700,0
0,song_2701,0
3,song_2702,0
5,song_2703,0
3,song_2704,0
10,song_2705,0
2,song_2706,0
11,song_2707,0
0,song_2708,0
0,song_2709,0
0,song_2710,0
1,song_2711,0
6,song_2712,0
0,song_2713,0
2,song_2714,0
6,song_2715,0
0,song_2716,0
6,song_2717,0
9,song_2718,0
1,song_2719,0
0,song_2720,0
1,song_2721,0
0,song_2722,0
3,song_2723,0
8,song_2724,0
0,song_2725,0
0,song_2726,0
2,song_2727,0
8,song_2728,0
12,song_2729,0
1,song_2730,0
7,song_2731,0
2,song_2732,0
1,song_2733,0
7,song_2734,0
8,song_2735,0
5,song_2736,0
4,song_2737,0
6,song_2738,0
0,song_2739,0
8,song_2740,0
8,song_2741,0
14,song_2742,0
11,song_2743,0
0,song_2744,0
5,song_2745,0
1,song_2746,0
0,song_2747,0
0,song_2748,0
11,song_2749,0
0,song_2750,0
5,song_2751,0
0,song_2752,0
5,song_2753,0
6,song_2754,0
0,song_2755,0
8,song_2756,0
8,song_2757,0
14,song_2758,0
3,song_2759,0
7,song_2760,0
5,song_2761,0
3,song_2762,0
8,song_2763,0
0,song_2764,0
8,song_2765,0
2,song_2766,0
0,song_2767,0
5,song_2768,0
0,song_2769,0
8,song_2770,0
0,song_2771,0
10,song_2772,0
0,song_2773,0
9,song_2774,0
1,song_2775,0
0,song_2776,0
0,song_2777,0
6,song_2778,0
5,song_2779,0
13,song_2780,0
3,song_2781,0
0,song_2782,0
0,song_2783,0
11,song_2784,0
2,song_2785,0
3,song_2786,0
0,song_2787,0
0,song_2788,0
12,song_2789,0
0,song_2790,0
10,song_2791,0
8,song_2792,0
0,song_2793,0
6,song_2794,0
7,song_2795,0
1,song_2796,0
6,song_2797,0
8,song_2798,0
8,song_2799,0
5,song_2800,0
8,song_2801,0
1,song_2802,0
8,song_2803,0
0,song_2804,0
10,song_2805,0
8,song_2806,0
6,song_2807,0
11,song_2808,0
0,song_2809,0
7,song_2810,0
2,song_2811,0
6,song_2812,0
13,song_2813,0
0,song_2814,0
7,song_2815,0
0,song_2816,0
0,song_2817,0
3,song_2818,0
3,song_2819,0
0,song_2820,0
0,song_2821,0
10,song_2822,0
3,song_2823,0
7,song_2824,0
2,song_2825,0
0,song_2826,0
1,song_2827,0
5,song_2828,0
6,song_2829,0
8,song_2830,0
14,song_2831,0
5,song_2832,0
7,song_2833,0
8,song_2834,0
0,song_2835,0
3,song_2836,0
8,song_2837,0
5,song_2838,0
5,song_2839,0
7,song_2840,0
1,song_2841,0
5,song_2842,0
5,song_2843,0
8,song_2844,0
0,song_2845,0
0,song_2846,0
4,song_2847,0
5,song_2848,0
8,song_2849,0
7,song_2850,0
1,song_2851,0
2,song_2852,0
5,song_2853,0
3,song_2854,0
2,song_2855,0
0,song_2856,0
8,song_2857,0
10,song_2858,0
0,song_2859,0
7,song_2860,0
4,song_2861,0
9,song_2862,0
9,song_2863,0
0,song_2864,0
8,song_2865,0
0,song_2866,0
6,song_2867,0
1,song_2868,0
11,song_2869,0
2,song_2870,0
0,song_2871,0
13,song_2872,0
0,song_2874,0
0,song_2875,0
1,song_2876,0
0,song_2877,0
8,song_2878,0
8,song_2879,0
8,song_2880,0
9,song_2881,0
8,song_2882,0
7,song_2883,0
0,song_2884,0
0,song_2885,0
5,song_2886,0
12,song_2887,0
0,song_2888,0
8,song_2889,0
8,song_2890,0
6,song_2891,0
9,song_2892,0
0,song_2893,0
13,song_2894,0
8,song_2895,0
6,song_2896,0
14,song_2897,0
14,song_2898,0
6,song_2899,0
6,song_2900,0
7,song_2901,0
9,song_2902,0
5,song_2903,0
14,song_2904,0
13,song_2905,0
6,song_2906,0
0,song_2907,0
2,song_2908,0
8,song_2909,0
6,song_2910,0
2,song_2911,0
5,song_2912,0
0,song_2913,0
7,song_2914,0
0,song_2915,0
13,song_2916,0
5,song_2917,0
14,song_2918,0
0,song_2919,0
0,song_2920,0
3,song_2921,0
0,song_2922,0
8,song_2923,0
0,song_2924,0
7,song_2925,0
7,song_2926,0
5,song_2927,0
8,song_2928,0
7,song_2929,0
8,song_2930,0
0,song_2931,0
0,song_2932,0
1,song_2933,0
7,song_2934,0
0,song_2935,0
8,song_2936,0
0,song_2937,0
0,song_2938,0
10,song_2939,0
8,song_2940,0
0,song_2941,0
8,song_2942,0
8,song_2943,0
14,song_2944,0
0,song_2945,0
9,song_2946,0
13,song_2947,0
8,song_2948,0
1,song_2949,0
8,song_2950,0
10,song_2951,0
14,song_2952,0
8,song_2953,0
3,song_2954,0
13,song_2955,0
5,song_2956,0
4,song_2957,0
14,song_2958,0
0,song_2959,0
0,song_2960,0
7,song_2961,0
13,song_2962,0
6,song_2963,0
9,song_2964,0
0,song_2965,0
1,song_2966,0
13,song_2967,0
9,song_2968,0
5,song_2969,0
1,song_2970,0
0,song_2971,0
12,song_2972,0
0,song_2973,0
8,song_2974,0
5,song_2975,0
8,song_2976,0
7,song_2977,0
0,song_2978,0
5,song_2979,0
12,song_2980,0
8,song_2981,0
5,song_2982,0
0,song_2983,0
4,song_2984,0
5,song_2985,0
2,song_2986,0
6,song_2987,0
8,song_2990,0
8,song_2991,0
11,song_2992,0
0,song_2993,0
0,song_2994,0
5,song_2995,0
6,song_2996,0
1,song_2997,0
5,song_2998,0
5,song_2999,0
9,song_3000,0
7,song_3001,0
0,song_3002,0
13,song_3003,0
4,song_3004,0
6,song_3005,0
6,song_3006,0
1,song_3007,0
14,song_3008,0
1,song_3009,0
10,song_3010,0
6,song_3011,0
13,song_3012,0
11,song_3013,0
2,song_3014,0
13,song_3015,0
0,song_3016,0
11,song_3017,0
0,song_3018,0
6,song_3019,0
0,song_3020,0
0,song_3021,0
2,song_3022,0
1,song_3023,0
2,song_3024,0
6,song_3025,0
1,song_3026,0
7,song_3027,0
6,song_3028,0
0,song_3029,0
3,song_3030,0
1,song_3031,0
0,song_3032,0
2,song_3033,0
6,song_3034,0
0,song_3035,0
0,song_3036,0
4,song_3037,0
0,song_3038,0
5,song_3039,0
7,song_3040,0
0,song_3041,0
2,song_3042,0
0,song_3043,0
0,song_3044,0
0,song_3045,0
0,song_3046,0
5,song_3047,0
8,song_3048,0
14,song_3049,0
8,song_3051,0
13,song_3052,0
8,song_3053,0
1,song_3054,0
0,song_3055,0
8,song_3056,0
5,song_3057,0
0,song_3058,0
0,song_3059,0
9,song_3060,0
0,song_3061,0
5,song_3062,0
8,song_3063,0
0,song_3064,0
0,song_3065,0
8,song_3066,0
8,song_3067,0
1,song_3068,0
9,song_3069,0
7,song_3070,0
8,song_3071,0
5,song_3072,0
0,song_3073,0
6,song_3074,0
5,song_3075,0
7,song_3076,0
13,song_3077,0
0,song_3078,0
6,song_3079,0
14,song_3080,0
11,song_3081,0
8,song_3082,0
11,song_3083,0
7,song_3084,0
6,song_3085,0
3,song_3086,0
4,song_3087,0
11,song_3088,0
8,song_3089,0
6,song_3090,0
9,song_3091,0
5,song_3092,0
6,song_3093,0
1,song_3094,0
1,song_3095,0
7,song_3097,0
6,song_3098,0
4,song_3099,0
0,song_3100,0
3,song_3101,0
12,song_3102,0
2,song_3103,0
6,song_3104,0
0,song_3105,0
12,song_3106,0
0,song_3107,0
2,song_3108,0
13,song_3109,0
8,song_3110,0
10,song_3111,0
6,song_3112,0
7,song_3113,0
5,song_3114,0
1,song_3115,0
0,song_3116,0
0,song_3117,0
3,song_3118,0
8,song_3119,0
4,song_3120,0
6,song_3121,0
6,song_3122,0
0,song_3123,0
6,song_3124,0
8,song_3125,0
3,song_3126,0
6,song_3127,0
3,song_3128,0
1,song_3129,0
0,song_3130,0
11,song_3131,0
8,song_3132,0
8,song_3133,0
5,song_3134,0
3,song_3135,0
5,song_3136,0
9,song_3137,0
6,song_3138,0
8,song_3139,0
7,song_3140,0
10,song_3141,0
1,song_3142,0
0,song_3143,0
7,song_3144,0
5,song_3145,0
6,song_3146,0
0,song_3147,0
14,song_3148,0
1,song_3149,0
5,song_3150,0
0,song_3151,0
14,song_3152,0
0,song_3153,0
10,song_3154,0
2,song_3155,0
13,song_3156,0
11,song_3157,0
2,song_3158,0
0,song_3159,0
2,song_3160,0
9,song_3161,0
4,song_3162,0
1,song_3163,0
0,song_3165,0
7,song_3166,0
10,song_3167,0
0,song_3168,0
0,song_3169,0
1,song_3170,0
0,song_3171,0
8,song_3172,0
11,song_3173,0
7,song_3174,0
7,song_3175,0
14,song_3176,0
0,song_3177,0
0,song_3178,0
1,song_3179,0
3,song_3180,0
8,song_3181,0
9,song_3182,0
8,song_3183,0
0,song_3184,0
0,song_3185,0
5,song_3186,0
0,song_3187,0
7,song_3188,0
9,song_3189,0
0,song_3190,0
11,song_3191,0
11,song_3192,0
0,song_3193,0
8,song_3194,0
6,song_3195,0
1,song_3196,0
9,song_3197,0
3,song_3198,0
9,song_3199,0
2,song_3200,0
11,song_3201,0
0,song_3202,0
10,song_3203,0
0,song_3204,0
2,song_3205,0
0,song_3206,0
8,song_3207,0
0,song_3208,0
6,song_3209,0
12,song_3210,0
9,song_3211,0
8,song_3212,0
8,song_3213,0
11,song_3214,0
1,song_3215,0
0,song_3216,0
0,song_3217,0
11,song_3218,0
5,song_3219,0
8,song_3220,0
0,song_3221,0
9,song_3222,0
0,song_3223,0
5,song_3224,0
11,song_3225,0
0,song_3226,0
0,song_3227,0
7,song_3228,0
3,song_3229,0
0,song_3230,0
0,song_3231,0
4,song_3232,0
1,song_3233,0
2,song_3234,1
8,song_3235,1
0,song_3236,1
9,song_3237,1
3,song_3238,1
14,song_3239,1
10,song_3240,1
2,song_3241,1
5,song_3242,1
7,song_3243,1
0,song_3244,1
8,song_3245,1
3,song_3246,1
10,song_3247,1
8,song_3248,1
10,song_3249,1
0,song_3250,1
0,song_3251,1
1,song_3252,1
0,song_3253,1
3,song_3254,1
7,song_3255,1
5,song_3256,1
0,song_3257,1
0,song_3258,1
0,song_3259,1
7,song_3260,1
2,song_3261,1
1,song_3262,1
7,song_3263,1
7,song_3264,1
1,song_3265,1
13,song_3266,1
0,song_3267,1
2,song_3268,1
0,song_3269,1
0,song_3270,1
0,song_3271,1
2,song_3272,1
8,song_3273,1
11,song_3274,1
0,song_3275,1
0,song_3276,1
7,song_3277,1
6,song_3278,1
8,song_3279,1
8,song_3280,1
5,song_3281,1
6,song_3282,1
3,song_3283,1
0,song_3284,1
0,song_3285,1
8,song_3286,1
8,song_3287,1
8,song_3288,1
10,song_3289,1
0,song_3290,1
8,song_3291,1
0,song_3292,1
10,song_3293,1
0,song_3294,1
0,song_3295,1
0,song_3296,1
8,song_3297,1
11,song_3298,1
9,song_3299,1
0,song_3300,1
6,song_3301,1
9,song_3302,1
0,song_3303,1
4,song_3304,1
7,song_3305,1
5,song_3306,1
2,song_3307,1
0,song_3308,1
6,song_3309,1
13,song_3310,1
0,song_3311,1
2,song_3312,1
0,song_3313,1
5,song_3314,1
1,song_3315,1
0,song_3316,1
9,song_3317,1
10,song_3318,1
0,song_3319,1
0,song_3320,1
12,song_3321,1
9,song_3322,1
2,song_3323,1
5,song_3324,1
8,song_3325,1
0,song_3326,1
11,song_3327,1
8,song_3328,1
7,song_3329,1
8,song_3330,1
3,song_3331,1
5,song_3332,1
0,song_3333,1
0,song_3334,1
3,song_3335,1
8,song_3336,1
1,song_3337,1
8,song_3338,1
2,song_3339,1
8,song_3340,1
5,song_3341,1
6,song_3342,1
6,song_3343,1
0,song_3344,1
1,song_3345,1
1,song_3346,1
5,song_3347,1
5,song_3348,1
3,song_3349,1
7,song_3350,1
0,song_3351,1
0,song_3352,1
0,song_3353,1
13,song_3354,1
13,song_3355,1
8,song_3356,1
10,song_3357,1
5,song_3358,1
14,song_3359,1
0,song_3360,1
2,song_3361,1
0,song_3362,1
5,song_3363,1
0,song_3364,1
0,song_3365,1
7,song_3366,1
1,song_3367,1
10,song_3368,1
7,song_3369,1
5,song_3370,1
5,song_3371,1
11,song_3372,1
0,song_3373,1
6,song_3374,1
13,song_3375,1
13,song_3376,1
8,song_3377,1
10,song_3378,1
6,song_3379,1
8,song_3380,1
6,song_3381,1
3,song_3382,1
12,song_3383,1
10,song_3384,1
6,song_3385,1
2,song_3386,1
1,song_3387,1
2,song_3388,1
2,song_3389,1
1,song_3390,1
1,song_3391,1
0,song_3392,1
4,song_3393,1
0,song_3394,1
1,song_3395,1
0,song_3396,1
8,song_3397,1
8,song_3398,1
0,song_3399,1
0,song_3400,1
0,song_3401,1
8,song_3402,1
2,song_3403,1
0,song_3404,1
6,song_3405,1
5,song_3406,1
5,song_3407,1
5,song_3408,1
0,song_3409,1
0,song_3410,1
8,song_3411,1
5,song_3412,1
10,song_3413,1
5,song_3414,1
11,song_3415,1
1,song_3416,1
10,song_3417,1
6,song_3418,1
8,song_3419,1
8,song_3420,1
1,song_3421,1
0,song_3422,1
0,song_3423,1
5,song_3424,1
11,song_3425,1
6,song_3426,1
7,song_3427,1
13,song_3428,1
0,song_3429,1
0,song_3430,1
0,song_3431,1
7,song_3432,1
0,song_3433,1
0,song_3434,1
5,song_3435,1
0,song_3436,1
0,song_3437,1
5,song_3438,1
10,song_3439,1
8,song_3440,1
5,song_3441,1
3,song_3442,1
3,song_3443,1
8,song_3444,1
8,song_3445,1
9,song_3446,1
2,song_3447,1
0,song_3448,1
14,song_3449,1
0,song_3450,1
0,song_3451,1
0,song_3452,1
3,song_3453,1
6,song_3454,1
3,song_3455,1
0,song_3456,1
2,song_3457,1
0,song_3458,1
11,song_3459,1
13,song_3460,1
14,song_3461,1
0,song_3462,1
6,song_3463,1
2,song_3464,1
1,song_3465,1
8,song_3466,1
9,song_3467,1
5,song_3468,1
6,song_3469,1
5,song_3470,1
1,song_3471,1
8,song_3472,1
0,song_3473,1
1,song_3474,1
12,song_3475,1
6,song_3476,1
14,song_3477,1
1,song_3478,1
5,song_3479,1
3,song_3480,1
3,song_3481,1
11,song_3482,1
12,song_3483,1
11,song_3484,1
0,song_3485,1
11,song_3487,1
2,song_3488,1
2,song_3489,1
10,song_3490,1
1,song_3491,1
9,song_3492,1
8,song_3493,1
0,song_3495,1
8,song_3496,1
11,song_3497,1
7,song_3498,1
11,song_3499,1
1,song_3500,1
1,song_3501,1
0,song_3502,1
6,song_3503,1
0,song_3504,1
3,song_3505,1
5,song_3506,1
5,song_3507,1
5,song_3508,1
0,song_3509,1
5,song_3510,1
9,song_3511,1
0,song_3512,1
2,song_3513,1
0,song_3514,1
1,song_3515,1
1,song_3516,1
1,song_3517,1
6,song_3518,1
8,song_3519,1
0,song_3520,1
0,song_3521,1
0,song_3522,1
2,song_3523,1
5,song_3524,1
1,song_3525,1
0,song_3526,1
8,song_3527,1
6,song_3528,1
6,song_3529,1
8,song_3530,1
3,song_3531,1
5,song_3532,1
0,song_3533,1
8,song_3535,1
8,song_3536,1
0,song_3537,1
6,song_3538,1
13,song_3539,1
0,song_3540,1
10,song_3541,1
6,song_3542,1
6,song_3543,1
0,song_3544,1
8,song_3545,1
0,song_3546,1
3,song_3547,1
0,song_3548,1
7,song_3549,1
5,song_3550,1
6,song_3551,1
10,song_3552,1
14,song_3553,1
2,song_3554,1
6,song_3555,1
0,song_3556,1
0,song_3557,1
3,song_3558,1
0,song_3559,1
2,song_3560,1
5,song_3561,1
11,song_3562,1
5,song_3563,1
11,song_3564,1
3,song_3565,1
11,song_3566,1
6,song_3567,1
9,song_3568,1
0,song_3569,1
0,song_3570,1
7,song_3571,1
5,song_3572,1
8,song_3573,1
10,song_3574,1
0,song_3575,1
0,song_3576,1
11,song_3577,1
5,song_3578,1
0,song_3579,1
8,song_3580,1
7,song_3581,1
1,song_3582,1
13,song_3583,1
5,song_3584,1
3,song_3585,1
9,song_3586,1
7,song_3587,1
0,song_3588,1
1,song_3589,1
2,song_3590,1
12,song_3591,1
8,song_3592,1
9,song_3593,1
3,song_3594,1
9,song_3595,1
0,song_3596,1
8,song_3597,1
6,song_3598,1
3,song_3599,1
11,song_3600,1
9,song_3601,1
0,song_3602,1
2,song_3603,1
8,song_3604,1
0,song_3605,1
1,song_3606,1
8,song_3607,1
8,song_3608,1
12,song_3609,1
5,song_3610,1
0,song_3611,1
3,song_3612,1
7,song_3613,1
0,song_3614,1
5,song_3615,1
14,song_3616,1
8,song_3617,1
7,song_3618,1
9,song_3619,1
3,song_3620,1
1,song_3621,1
8,song_3622,1
14,song_3623,1
0,song_3624,1
6,song_3625,1
9,song_3626,1
8,song_3627,1
8,song_3628,1
1,song_3629,1
1,song_3630,1
1,song_3631,1
6,song_3632,1
3,song_3633,1
0,song_3634,1
0,song_3635,1
0,song_3636,1
10,song_3637,1
9,song_3638,1
0,song_3639,1
0,song_3640,1
9,song_3641,1
11,song_3642,1
11,song_3643,1
8,song_3644,1
5,song_3645,1
8,song_3646,1
6,song_3647,1
14,song_3648,1
1,song_3649,1
8,song_3650,1
10,song_3651,1
3,song_3652,1
11,song_3653,1
2,song_3654,1
8,song_3655,1
0,song_3656,1
4,song_3657,1
0,song_3659,1
5,song_3660,1
0,song_3661,1
5,song_3662,1
13,song_3663,1
11,song_3664,1
5,song_3665,1
5,song_3666,1
8,song_3667,1
0,song_3668,1
0,song_3669,1
3,song_3670,1
1,song_3671,1
7,song_3672,1
0,song_3673,1
2,song_3674,1
0,song_3675,1
1,song_3676,1
8,song_3677,1
5,song_3678,1
8,song_3679,1
8,song_3680,1
8,song_3681,1
0,song_3682,1
11,song_3683,1
8,song_3684,1
0,song_3685,1
5,song_3686,1
6,song_3687,1
9,song_3688,1
0,song_3689,1
8,song_3690,1
11,song_3691,1
6,song_3692,1
0,song_3693,1
0,song_3694,1
14,song_3695,1
5,song_3696,1
1,song_3697,1
6,song_3698,1
5,song_3699,1
9,song_3700,1
14,song_3701,1
0,song_3702,1
6,song_3703,1
0,song_3704,1
0,song_3705,1
0,song_3706,1
0,song_3707,1
0,song_3708,1
12,song_3709,1
10,song_3710,1
10,song_3711,1
1,song_3712,1
6,song_3713,1
12,song_3714,1
1,song_3715,1
10,song_3716,1
0,song_3718,1
9,song_3719,1
6,song_3720,1
0,song_3721,1
6,song_3722,1
0,song_3723,1
3,song_3724,1
7,song_3725,1
0,song_3726,1
11,song_3727,1
3,song_3728,1
3,song_3729,1
3,song_3730,1
0,song_3731,1
0,song_3732,1
1,song_3733,1
5,song_3734,1
0,song_3735,1
7,song_3736,1
8,song_3737,1
0,song_3738,1
9,song_3739,1
8,song_3740,1
8,song_3741,1
14,song_3742,1
5,song_3743,1
0,song_3744,1
0,song_3745,1
3,song_3746,1
10,song_3747,1
1,song_3748,1
3,song_3749,1
0,song_3750,1
10,song_3751,1
9,song_3752,1
5,song_3753,1
0,song_3754,1
8,song_3755,1
0,song_3756,1
14,song_3757,1
6,song_3758,1
8,song_3759,1
8,song_3760,1
5,song_3761,1
5,song_3762,1
3,song_3763,1
2,song_3764,1
7,song_3765,1
0,song_3766,1
0,song_3767,1
14,song_3768,1
8,song_3769,1
6,song_3770,1
0,song_3771,1
7,song_3772,1
14,song_3773,1
5,song_3774,1
0,song_3775,1
6,song_3776,1
2,song_3777,1
6,song_3778,1
2,song_3779,1
10,song_3780,1
0,song_3781,1
0,song_3782,1
0,song_3783,1
0,song_3784,1
0,song_3785,1
7,song_3786,1
0,song_3788,1
5,song_3789,1
8,song_3790,1
12,song_3791,1
7,song_3792,1
0,song_3793,1
1,song_3795,1
9,song_3796,1
5,song_3797,1
0,song_3798,1
0,song_3799,1
4,song_3800,1
14,song_3801,1
3,song_3802,1
8,song_3803,1
8,song_3804,1
6,song_3805,1
6,song_3806,1
6,song_3807,1
5,song_3808,1
12,song_3809,1
9,song_3810,1
3,song_3811,1
14,song_3812,1
0,song_3813,1
1,song_3814,1
0,song_3815,1
12,song_3816,1
7,song_3817,1
6,song_3818,1
0,song_3819,1
8,song_3820,1
3,song_3821,1
11,song_3822,1
0,song_3823,1
5,song_3824,1
11,song_3825,1
4,song_3826,1
7,song_3827,1
4,song_3828,1
1,song_3829,1
0,song_3830,1
8,song_3831,1
8,song_3832,1
0,song_3833,1
10,song_3834,1
10,song_3835,1
5,song_3836,1
14,song_3837,1
8,song_3838,1
0,song_3839,1
0,song_3840,1
5,song_3841,1
3,song_3842,1
0,song_3843,1
11,song_3844,1
11,song_3845,1
14,song_3846,1
8,song_3847,1
0,song_3848,1
5,song_3849,1
0,song_3850,1
0,song_3851,1
6,song_3852,1
1,song_3853,1
5,song_3854,1
6,song_3855,1
8,song_3856,1
10,song_3857,1
13,song_3858,1
0,song_3859,1
5,song_3860,1
6,song_3861,1
7,song_3862,1
5,song_3863,1
14,song_3864,1
0,song_3865,1
5,song_3866,1
10,song_3867,1
5,song_3868,1
1,song_3869,1
0,song_3870,1
5,song_3871,1
0,song_3872,1
0,song_3873,1
6,song_3874,1
8,song_3875,1
7,song_3876,1
11,song_3877,1
7,song_3878,1
0,song_3879,1
0,song_3880,1
0,song_3881,1
6,song_3882,1
2,song_3883,1
9,song_3884,1
0,song_3885,1
0,song_3886,1
5,song_3887,1
2,song_3888,1
11,song_3889,1
1,song_3891,1
8,song_3892,1
3,song_3893,1
1,song_3894,1
2,song_3895,1
12,song_3896,1
0,song_3897,1
8,song_3898,1
12,song_3899,1
5,song_3900,1
1,song_3901,1
0,song_3902,1
7,song_3903,1
0,song_3904,1
0,song_3905,1
0,song_3906,1
1,song_3907,1
11,song_3908,1
0,song_3909,1
1,song_3910,1
11,song_3911,1
0,song_3912,1
0,song_3913,1
5,song_3914,1
6,song_3915,1
6,song_3916,1
6,song_3917,1
0,song_3918,1
7,song_3919,1
0,song_3920,1
9,song_3921,1
0,song_3922,1
0,song_3923,1
9,song_3924,1
11,song_3925,1
7,song_3926,1
3,song_3927,1
8,song_3928,1
6,song_3929,1
6,song_3930,1
0,song_3931,1
8,song_3932,1
6,song_3933,1
9,song_3934,1
5,song_3935,1
7,song_3936,1
8,song_3938,1
9,song_3939,1
5,song_3940,1
8,song_3941,1
7,song_3942,1
0,song_3943,1
0,song_3944,1
0,song_3945,1
0,song_3946,1
6,song_3947,1
0,song_3948,1
6,song_3949,1
8,song_3950,1
7,song_3951,1
6,song_3952,1
7,song_3953,1
0,song_3954,1
10,song_3955,1
0,song_3956,1
0,song_3957,1
0,song_3958,1
7,song_3959,1
0,song_3960,1
1,song_3961,1
0,song_3962,1
8,song_3963,1
7,song_3964,1
13,song_3965,1
13,song_3966,1
5,song_3967,1
1,song_3968,1
0,song_3969,1
1,song_3970,1
8,song_3971,1
9,song_3972,1
8,song_3973,1
1,song_3974,1
0,song_3975,1
1,song_3976,1
1,song_3977,1
0,song_3978,1
1,song_3979,1
3,song_3980,1
0,song_3981,1
2,song_3982,1
6,song_3983,1
7,song_3984,1
8,song_3985,1
11,song_3986,1
2,song_3987,1
11,song_3988,1
5,song_3989,1
2,song_3990,1
9,song_3991,1
13,song_3992,1
10,song_3993,1
8,song_3994,1
9,song_3995,1
7,song_3996,1
5,song_3997,1
0,song_3998,1
8,song_3999,1
0,song_4000,1
11,song_4001,1
11,song_4002,1
0,song_4003,1
8,song_4004,1
10,song_4005,1
0,song_4006,1
4,song_4007,1
3,song_4008,1
8,song_4009,1
1,song_4010,1
1,song_4011,1
0,song_4012,1
8,song_4013,1
0,song_4014,1
8,song_4015,1
8,song_4016,1
1,song_4017,1
0,song_4018,1
5,song_4019,1
1,song_4020,1
0,song_4021,1
12,song_4022,1
1,song_4023,1
0,song_4024,1
8,song_4025,1
1,song_4026,1
0,song_4027,1
6,song_4028,1
5,song_4029,1
8,song_4030,1
3,song_4031,1
14,song_4032,1
7,song_4033,1
0,song_4034,1
0,song_4035,1
14,song_4036,1
5,song_4037,1
6,song_4038,1
1,song_4039,1
10,song_4040,1
13,song_4041,1
4,song_4042,1
8,song_4043,1
12,song_4044,1
8,song_4045,1
0,song_4046,1
3,song_4047,1
0,song_4048,1
0,song_4049,1
0,song_4050,1
11,song_4051,1
3,song_4052,1
6,song_4053,1
8,song_4054,1
8,song_4055,1
5,song_4056,1
1,song_4057,1
4,song_4058,1
10,song_4059,1
0,song_4060,1
5,song_4061,1
7,song_4062,1
8,song_4063,1
1,song_4064,1
5,song_4065,1
2,song_4066,1
8,song_4067,1
0,song_4068,1
5,song_4069,1
5,song_4070,1
7,song_4071,1
11,song_4072,1
5,song_4073,1
1,song_4074,1
0,song_4075,1
0,song_4076,1
0,song_4077,1
5,song_4078,1
0,song_4079,1
9,song_4080,1
6,song_4081,1
0,song_4082,1
0,song_4083,1
0,song_4084,1
1,song_4085,1
8,song_4086,1
9,song_4087,1
4,song_4088,1
8,song_4089,1
1,song_4090,1
0,song_4091,1
8,song_4092,1
13,song_4093,1
8,song_4094,1
6,song_4095,1
8,song_4096,1
5,song_4097,1
5,song_4098,1
9,song_4099,1
0,song_4100,1
0,song_4101,1
6,song_4102,1
0,song_4103,1
1,song_4104,1
9,song_4105,1
11,song_4106,1
0,song_4107,1
10,song_4108,1
5,song_4109,1
8,song_4110,1
4,song_4111,1
0,song_4112,1
0,song_4113,1
9,song_4114,1
2,song_4115,1
9,song_4116,1
11,song_4117,1
8,song_4118,1
5,song_4119,1
10,song_4120,1
6,song_4121,1
0,song_4122,1
2,song_4123,1
0,song_4124,1
10,song_4125,1
11,song_4126,1
8,song_4127,1
0,song_4128,1
0,song_4129,1
8,song_4130,1
13,song_4131,1
0,song_4132,1
6,song_4133,1
5,song_4134,1
0,song_4135,1
2,song_4136,1
1,song_4137,1
4,song_4138,1
10,song_4139,1
1,song_4140,1
9,song_4141,1
8,song_4142,1
0,song_4143,1
5,song_4144,1
0,song_4145,1
2,song_4146,1
8,song_4147,1
1,song_4148,1
10,song_4149,1
9,song_4150,1
5,song_4151,1
11,song_4152,1
3,song_4153,1
6,song_4154,1
8,song_4155,1
0,song_4156,1
0,song_4157,1
5,song_4158,1
8,song_4159,1
9,song_4160,1
8,song_4161,1
0,song_4162,1
7,song_4163,1
13,song_4164,1
8,song_4165,1
6,song_4166,1
0,song_4167,1
8,song_4168,1
12,song_4169,1
0,song_4170,1
3,song_4171,1
8,song_4172,1
1,song_4173,1
0,song_4174,1
4,song_4175,1
1,song_4176,1
0,song_4177,1
1,song_4178,1
0,song_4179,1
1,song_4180,1
8,song_4181,1
0,song_4182,1
3,song_4183,1
6,song_4184,1
8,song_4185,1
0,song_4186,1
0,song_4187,1
1,song_4188,1
8,song_4189,1
2,song_4190,1
7,song_4191,1
8,song_4192,1
1,song_4193,1
8,song_4194,1
0,song_4195,1
0,song_4196,1
0,song_4197,1
10,song_4198,1
0,song_4199,1
0,song_4200,1
8,song_4201,1
8,song_4202,1
5,song_4203,1
14,song_4204,1
1,song_4205,1
4,song_4206,1
0,song_4207,1
5,song_4208,1
6,song_4209,1
11,song_4210,1
4,song_4211,1
7,song_4212,1
0,song_4213,1
0,song_4214,1
0,song_4215,1
11,song_4216,1
3,song_4217,1
9,song_4218,1
4,song_4219,1
0,song_4220,1
8,song_4221,1
8,song_4222,1
1,song_4223,1
6,song_4224,1
8,song_4225,1
0,song_4226,1
8,song_4227,1
7,song_4228,1
6,song_4229,1
8,song_4230,1
7,song_4231,1
5,song_4232,1
14,song_4233,1
0,song_4234,1
8,song_4235,1
9,song_4236,1
1,song_4237,1
8,song_4238,1
7,song_4239,1
11,song_4240,1
5,song_4241,1
0,song_4242,1
3,song_4243,1
1,song_4244,1
0,song_4245,1
8,song_4246,1
1,song_4247,1
0,song_4248,1
2,song_4249,1
6,song_4250,1
10,song_4251,1
1,song_4252,1
0,song_4253,1
11,song_4254,1
4,song_4255,1
9,song_4256,1
1,song_4257,1
8,song_4258,1
1,song_4259,1
0,song_4260,1
8,song_4261,1
1,song_4262,1
6,song_4263,1
6,song_4264,1
14,song_4265,1
1,song_4266,1
4,song_4267,1
1,song_4268,1
8,song_4269,1
12,song_4270,1
1,song_4271,1
7,song_4273,1
5,song_4274,1
0,song_4275,1
8,song_4276,1
7,song_4277,1
3,song_4278,1
2,song_4279,1
2,song_4280,1
1,song_4281,1
8,song_4282,1
9,song_4283,1
1,song_4284,1
1,song_4285,1
1,song_4286,1
0,song_4287,1
4,song_4288,1
1,song_4289,1
11,song_4290,1
9,song_4291,1
13,song_4292,1
0,song_4293,1
0,song_4294,1
0,song_4295,1
7,song_4296,1
5,song_4297,1
5,song_4298,1
8,song_4299,1
12,song_4300,1
0,song_4301,1
5,song_4302,1
8,song_4303,1
5,song_4304,1
6,song_4305,1
1,song_4306,1
0,song_4307,1
0,song_4308,1
12,song_4309,1
9,song_4310,1
9,song_4311,1
5,song_4312,2
0,song_4313,2
1,song_4314,2
10,song_4315,2
5,song_4316,2
0,song_4317,2
4,song_4318,2
6,song_4319,2
9,song_4320,2
0,song_4321,2
2,song_4322,2
5,song_4323,2
14,song_4324,2
5,song_4325,2
11,song_4326,2
0,song_4327,2
12,song_4328,2
1,song_4329,2
8,song_4330,2
6,song_4332,2
1,song_4333,2
7,song_4334,2
9,song_4335,2
0,song_4336,2
3,song_4337,2
7,song_4339,2
14,song_4340,2
4,song_4341,2
8,song_4342,2
10,song_4343,2
9,song_4344,2
8,song_4345,2
4,song_4346,2
6,song_4347,2
9,song_4349,2
1,song_4350,2
3,song_4351,2
0,song_4352,2
4,song_4353,2
1,song_4354,2
6,song_4355,2
0,song_4356,2
13,song_4357,2
9,song_4358,2
0,song_4359,2
0,song_4360,2
8,song_4361,2
8,song_4362,2
14,song_4363,2
0,song_4364,2
1,song_4365,2
2,song_4366,2
11,song_4367,2
7,song_4368,2
1,song_4369,2
8,song_4370,2
5,song_4371,2
14,song_4372,2
5,song_4373,2
8,song_4374,2
9,song_4375,2
8,song_4376,2
13,song_4377,2
0,song_4378,2
5,song_4379,2
8,song_4380,2
0,song_4381,2
1,song_4382,2
5,song_4383,2
8,song_4384,2
12,song_4385,2
0,song_4386,2
10,song_4387,2
0,song_4388,2
6,song_4389,2
10,song_4390,2
7,song_4391,2
7,song_4392,2
0,song_4394,2
10,song_4395,2
6,song_4396,2
14,song_4397,2
0,song_4398,2
0,song_4399,2
0,song_4400,2
6,song_4401,2
14,song_4402,2
0,song_4403,2
10,song_4404,2
5,song_4405,2
6,song_4406,2
1,song_4407,2
5,song_4408,2
0,song_4409,2
5,song_4410,2
4,song_4411,2
12,song_4412,2
0,song_4413,2
1,song_4414,2
0,song_4415,2
3,song_4416,2
0,song_4417,2
1,song_4418,2
5,song_4419,2
3,song_4420,2
6,song_4421,2
11,song_4422,2
5,song_4423,2
5,song_4424,2
4,song_4425,2
8,song_4426,2
8,song_4427,2
8,song_4428,2
0,song_4429,2
0,song_4430,2
0,song_4431,2
0,song_4432,2
0,song_4433,2
4,song_4434,2
3,song_4435,2
1,song_4436,2
7,song_4437,2
1,song_4438,2
5,song_4439,2
4,song_4440,2
3,song_4441,2
0,song_4442,2
1,song_4443,2
5,song_4444,2
3,song_4445,2
8,song_4446,2
2,song_4447,2
8,song_4448,2
6,song_4450,2
1,song_4451,2
10,song_4452,2
0,song_4453,2
3,song_4454,2
5,song_4455,2
0,song_4456,2
0,song_4457,2
1,song_4458,2
0,song_4459,2
5,song_4460,2
8,song_4461,2
0,song_4462,2
8,song_4463,2
5,song_4464,2
9,song_4465,2
0,song_4466,2
0,song_4467,2
0,song_4469,2
0,song_4470,2
8,song_4471,2
7,song_4472,2
8,song_4473,2
6,song_4474,2
8,song_4476,2
5,song_4477,2
0,song_4478,2
0,song_4479,2
9,song_4480,2
10,song_4481,2
0,song_4482,2
0,song_4483,2
7,song_4484,2
13,song_4485,2
13,song_4486,2
0,song_4487,2
8,song_4488,2
8,song_4489,2
1,song_4490,2
5,song_4491,2
0,song_4492,2
3,song_4493,2
5,song_4494,2
8,song_4495,2
8,song_4496,2
7,song_4497,2
5,song_4498,2
9,song_4499,2
0,song_4500,2
8,song_4501,2
12,song_4502,2
0,song_4503,2
8,song_4504,2
9,song_4505,2
5,song_4506,2
5,song_4507,2
0,song_4508,2
6,song_4509,2
11,song_4510,2
13,song_4511,2
8,song_4512,2
7,song_4513,2
14,song_4514,2
0,song_4515,2
12,song_4516,2
7,song_4517,2
0,song_4518,2
0,song_4519,2
11,song_4520,2
1,song_4521,2
0,song_4522,2
0,song_4523,2
12,song_4524,2
9,song_4525,2
1,song_4526,2
7,song_4527,2
3,song_4528,2
7,song_4529,2
5,song_4530,2
6,song_4531,2
11,song_4532,2
10,song_4533,2
12,song_4534,2
0,song_4535,2
0,song_4536,2
3,song_4537,2
5,song_4538,2
2,song_4539,2
5,song_4540,2
5,song_4541,2
0,song_4542,2
5,song_4543,2
5,song_4544,2
9,song_4545,2
0,song_4546,2
0,song_4547,2
14,song_4548,2
13,song_4549,2
13,song_4550,2
3,song_4551,2
9,song_4552,2
8,song_4553,2
10,song_4554,2
6,song_4555,2
5,song_4556,2
2,song_4557,2
0,song_4558,2
0,song_4559,2
5,song_4560,2
2,song_4561,2
5,song_4562,2
8,song_4563,2
11,song_4564,2
0,song_4565,2
6,song_4566,2
6,song_4567,2
6,song_4568,2
12,song_4569,2
9,song_4570,2
11,song_4571,2
6,song_4572,2
5,song_4573,2
3,song_4574,2
8,song_4575,2
5,song_4576,2
0,song_4577,2
1,song_4578,2
3,song_4579,2
1,song_4580,2
1,song_4581,2
3,song_4582,2
12,song_4583,2
6,song_4584,2
0,song_4585,2
10,song_4586,2
1,song_4587,2
8,song_4588,2
0,song_4589,2
8,song_4590,2
0,song_4591,2
0,song_4592,2
2,song_4593,2
6,song_4594,2
7,song_4595,2
8,song_4596,2
4,song_4597,2
2,song_4598,2
1,song_4599,2
8,song_4600,2
3,song_4601,2
8,song_4602,2
0,song_4603,2
8,song_4604,2
0,song_4605,2
8,song_4606,2
0,song_4607,2
6,song_4608,2
6,song_4609,2
10,song_4610,2
8,song_4611,2
10,song_4612,2
3,song_4613,2
0,song_4614,2
5,song_4615,2
8,song_4616,2
2,song_4617,2
3,song_4618,2
0,song_4619,2
1,song_4620,2
8,song_4621,2
11,song_4622,2
13,song_4623,2
6,song_4624,2
0,song_4625,2
0,song_4626,2
9,song_4627,2
9,song_4628,2
7,song_4629,2
7,song_4630,2
3,song_4631,2
11,song_4632,2
6,song_4633,2
7,song_4634,2
0,song_4635,2
5,song_4636,2
6,song_4637,2
0,song_4638,2
13,song_4639,2
0,song_4640,2
1,song_4641,2
0,song_4642,2
5,song_4643,2
9,song_4644,2
0,song_4645,2
7,song_4646,2
9,song_4647,2
0,song_4648,2
3,song_4649,2
4,song_4650,2
8,song_4652,2
10,song_4653,2
8,song_4654,2
1,song_4655,2
0,song_4656,2
0,song_4657,2
2,song_4658,2
5,song_4659,2
0,song_4660,2
7,song_4661,2
8,song_4662,2
0,song_4663,2
0,song_4664,2
7,song_4665,2
0,song_4666,2
11,song_4667,2
5,song_4668,2
6,song_4669,2
9,song_4670,2
12,song_4671,2
1,song_4672,2
0,song_4673,2
0,song_4674,2
12,song_4675,2
11,song_4676,2
1,song_4677,2
11,song_4678,2
9,song_4679,2
5,song_4680,2
7,song_4681,2
0,song_4682,2
0,song_4683,2
10,song_4684,2
6,song_4685,2
4,song_4686,2
7,song_4687,2
10,song_4688,2
8,song_4689,2
13,song_4690,2
5,song_4691,2
12,song_4692,2
1,song_4693,2
0,song_4694,2
2,song_4695,2
6,song_4696,2
6,song_4697,2
12,song_4698,2
6,song_4699,2
5,song_4700,2
1,song_4701,2
1,song_4702,2
0,song_4703,2
0,song_4704,2
0,song_4705,2
0,song_4706,2
1,song_4707,2
1,song_4708,2
8,song_4709,2
11,song_4710,2
5,song_4711,2
5,song_4712,2
6,song_4713,2
5,song_4714,2
8,song_4715,2
0,song_4716,2
8,song_4717,2
1,song_4718,2
5,song_4719,2
1,song_4720,2
0,song_4721,2
8,song_4722,2
8,song_4723,2
0,song_4724,2
5,song_4725,2
5,song_4726,2
4,song_4727,2
1,song_4728,2
5,song_4729,2
2,song_4730,2
1,song_4731,2
9,song_4732,2
0,song_4733,2
13,song_4734,2
5,song_4735,2
8,song_4736,2
11,song_4737,2
8,song_4738,2
1,song_4739,2
0,song_4740,2
5,song_4741,2
6,song_4742,2
5,song_4743,2
7,song_4744,2
5,song_4745,2
9,song_4746,2
9,song_4747,2
5,song_4748,2
8,song_4749,2
2,song_4750,2
6,song_4751,2
4,song_4752,2
6,song_4753,2
13,song_4754,2
0,song_4755,2
9,song_4756,2
0,song_4757,2
0,song_4758,2
6,song_4759,2
0,song_4760,2
2,song_4761,2
8,song_4762,2
1,song_4763,2
8,song_4764,2
0,song_4765,2
12,song_4766,2
0,song_4767,2
6,song_4768,2
5,song_4769,2
0,song_4770,2
6,song_4771,2
14,song_4772,2
0,song_4773,2
3,song_4774,2
0,song_4775,2
0,song_4776,2
0,song_4777,2
0,song_4778,2
1,song_4779,2
3,song_4780,2
9,song_4781,2
9,song_4782,2
10,song_4783,2
9,song_4784,2
0,song_4785,2
0,song_4786,2
11,song_4787,2
7,song_4788,2
5,song_4789,2
5,song_4790,2
0,song_4791,2
13,song_4792,2
12,song_4793,2
0,song_4794,2
2,song_4795,2
0,song_4796,2
7,song_4797,2
8,song_4799,2
6,song_4800,2
6,song_4801,2
8,song_4802,2
5,song_4803,2
6,song_4804,2
2,song_4805,2
0,song_4806,2
0,song_4807,2
1,song_4808,2
5,song_4809,2
8,song_4810,2
9,song_4811,2
8,song_4812,2
9,song_4813,2
8,song_4815,2
6,song_4816,2
1,song_4817,2
8,song_4818,2
8,song_4819,2
5,song_4820,2
14,song_4821,2
0,song_4822,2
13,song_4823,2
3,song_4824,2
5,song_4826,2
0,song_4827,2
11,song_4828,2
1,song_4829,2
8,song_4830,2
0,song_4831,2
0,song_4832,2
9,song_4833,2
0,song_4834,2
6,song_4835,2
2,song_4836,2
7,song_4837,2
10,song_4838,2
6,song_4839,2
8,song_4840,2
0,song_4841,2
3,song_4842,2
7,song_4843,2
0,song_4844,2
6,song_4845,2
7,song_4846,2
8,song_4847,2
6,song_4848,2
5,song_4849,2
5,song_4850,2
1,song_4851,2
1,song_4852,2
0,song_4853,2
0,song_4854,2
7,song_4855,2
8,song_4856,2
4,song_4857,2
6,song_4858,2
5,song_4859,2
10,song_4860,2
7,song_4861,2
1,song_4862,2
0,song_4863,2
9,song_4864,2
3,song_4865,2
13,song_4866,2
14,song_4867,2
9,song_4868,2
1,song_4869,2
6,song_4870,2
0,song_4871,2
13,song_4872,2
0,song_4873,2
8,song_4874,2
8,song_4875,2
7,song_4876,2
8,song_4877,2
0,song_4878,2
11,song_4879,2
3,song_4880,2
5,song_4881,2
7,song_4882,2
9,song_4883,2
0,song_4884,2
8,song_4885,2
3,song_4886,2
0,song_4887,2
13,song_4888,2
1,song_4889,2
13,song_4890,2
1,song_4891,2
14,song_4892,2
0,song_4893,2
5,song_4894,2
8,song_4895,2
4,song_4896,2
5,song_4897,2
5,song_4898,2
0,song_4899,2
6,song_4900,2
5,song_4901,2
13,song_4902,2
1,song_4903,2
13,song_4904,2
11,song_4905,2
7,song_4906,2
8,song_4907,2
2,song_4908,2
8,song_4909,2
5,song_4911,2
2,song_4912,2
11,song_4913,2
6,song_4914,2
6,song_4915,2
0,song_4916,2
6,song_4917,2
5,song_4918,2
1,song_4919,2
0,song_4920,2
8,song_4921,2
14,song_4922,2
0,song_4923,2
5,song_4924,2
12,song_4925,2
1,song_4926,2
3,song_4927,2
3,song_4928,2
5,song_4929,2
6,song_4930,2
2,song_4931,2
0,song_4932,2
8,song_4933,2
11,song_4934,2
8,song_4935,2
0,song_4936,2
13,song_4937,2
11,song_4938,2
9,song_4939,2
6,song_4940,2
5,song_4941,2
11,song_4942,2
3,song_4943,2
9,song_4944,2
0,song_4945,2
0,song_4946,2
0,song_4947,2
8,song_4948,2
7,song_4949,2
0,song_4950,2
0,song_4951,2
14,song_4952,2
0,song_4953,2
6,song_4954,2
8,song_4955,2
2,song_4956,2
2,song_4957,2
0,song_4958,2
1,song_4959,2
1,song_4960,2
6,song_4961,2
5,song_4962,2
11,song_4964,2
6,song_4965,2
11,song_4966,2
8,song_4967,2
9,song_4968,2
11,song_4969,2
8,song_4970,2
8,song_4971,2
9,song_4972,2
2,song_4973,2
7,song_4974,2
0,song_4975,2
8,song_4976,2
11,song_4977,2
5,song_4978,2
11,song_4979,2
11,song_4980,2
0,song_4981,2
1,song_4982,2
6,song_4983,2
0,song_4984,2
12,song_4985,2
8,song_4986,2
0,song_4987,2
4,song_4988,2
6,song_4989,2
8,song_4990,2
0,song_4991,2
2,song_4992,2
0,song_4993,2
8,song_4994,2
6,song_4995,2
2,song_4996,2
1,song_4997,2
13,song_4998,2
6,song_4999,2
8,song_5000,2
10,song_5001,2
11,song_5002,2
13,song_5003,2
0,song_5004,2
0,song_5005,2
1,song_5006,2
8,song_5007,2
12,song_5008,2
3,song_5009,2
9,song_5010,2
6,song_5011,2
0,song_5012,2
5,song_5013,2
10,song_5014,2
8,song_5015,2
5,song_5016,2
5,song_5017,2
0,song_5018,2
10,song_5019,2
3,song_5020,2
1,song_5022,2
8,song_5023,2
13,song_5024,2
9,song_5025,2
0,song_5027,2
8,song_5028,2
0,song_5029,2
7,song_5030,2
0,song_5031,2
3,song_5032,2
0,song_5033,2
13,song_5034,2
0,song_5035,2
7,song_5036,2
4,song_5037,2
1,song_5038,2
8,song_5039,2
0,song_5040,2
8,song_5041,2
4,song_5042,2
14,song_5043,2
0,song_5044,2
3,song_5045,2
2,song_5046,2
0,song_5047,2
0,song_5048,2
0,song_5049,2
5,song_5050,2
13,song_5051,2
5,song_5052,2
0,song_5053,2
6,song_5054,2
8,song_5055,2
5,song_5056,2
6,song_5057,2
8,song_5058,2
8,song_5059,2
0,song_5060,2
1,song_5061,2
0,song_5062,2
4,song_5063,2
1,song_5064,2
0,song_5065,2
2,song_5066,2
8,song_5067,2
0,song_5068,2
3,song_5069,2
5,song_5070,2
7,song_5071,2
11,song_5072,2
2,song_5073,2
6,song_5074,2
5,song_5075,2
6,song_5076,2
0,song_5077,2
0,song_5078,2
4,song_5079,2
9,song_5080,2
13,song_5081,2
1,song_5082,2
0,song_5083,2
8,song_5084,2
11,song_5085,2
0,song_5086,2
8,song_5087,2
5,song_5088,2
0,song_5089,2
5,song_5090,2
1,song_5091,2
4,song_5092,2
0,song_5093,2
11,song_5094,2
0,song_5095,2
0,song_5096,2
8,song_5097,2
7,song_5098,2
8,song_5099,2
5,song_5100,2
7,song_5101,2
9,song_5102,2
5,song_5103,2
8,song_5104,2
11,song_5105,2
0,song_5106,2
14,song_5107,2
14,song_5108,2
0,song_5109,2
1,song_5110,2
0,song_5111,2
0,song_5112,2
5,song_5113,2
7,song_5114,2
5,song_5115,2
5,song_5116,2
3,song_5117,2
1,song_5118,2
0,song_5119,2
13,song_5120,2
14,song_5121,2
4,song_5122,2
1,song_5123,2
13,song_5124,2
13,song_5125,2
5,song_5126,2
6,song_5127,2
10,song_5128,2
5,song_5129,2
0,song_5130,2
5,song_5131,2
5,song_5132,2
8,song_5133,2
6,song_5134,2
0,song_5135,2
8,song_5136,2
14,song_5137,2
4,song_5138,2
0,song_5139,2
0,song_5140,2
0,song_5141,2
10,song_5142,2
5,song_5143,2
7,song_5144,2
13,song_5145,2
1,song_5146,2
0,song_5147,2
13,song_5148,2
0,song_5149,2
1,song_5150,2
1,song_5151,2
9,song_5152,2
0,song_5153,2
0,song_5154,2
8,song_5155,2
0,song_5156,2
5,song_5157,2
1,song_5158,2
8,song_5159,2
2,song_5160,2
5,song_5161,2
11,song_5162,2
2,song_5163,2
8,song_5164,2
0,song_5165,2
7,song_5166,2
8,song_5167,2
11,song_5168,2
0,song_5169,2
8,song_5170,2
2,song_5171,2
13,song_5172,2
0,song_5173,2
8,song_5174,2
13,song_5175,2
1,song_5176,2
11,song_5177,2
1,song_5178,2
0,song_5179,2
1,song_5180,2
0,song_5181,2
10,song_5182,2
1,song_5183,2
5,song_5184,2
1,song_5185,2
9,song_5186,2
1,song_5187,2
0,song_5188,2
3,song_5189,2
13,song_5190,2
2,song_5191,2
2,song_5192,2
1,song_5193,2
6,song_5194,2
9,song_5195,2
0,song_5196,2
0,song_5197,2
0,song_5198,2
1,song_5199,2
9,song_5200,2
0,song_5201,2
1,song_5202,2
0,song_5203,2
2,song_5204,2
6,song_5205,2
8,song_5206,2
12,song_5207,2
5,song_5208,2
1,song_5209,2
1,song_5210,2
8,song_5211,2
0,song_5212,2
0,song_5213,2
6,song_5214,2
8,song_5215,2
0,song_5216,2
0,song_5217,2
1,song_5218,2
3,song_5219,2
0,song_5220,2
0,song_5221,2
0,song_5222,2
11,song_5223,2
0,song_5224,2
5,song_5225,2
8,song_5226,2
7,song_5227,2
7,song_5228,2
9,song_5229,2
8,song_5230,2
0,song_5231,2
3,song_5232,2
8,song_5233,2
0,song_5234,2
0,song_5235,2
9,song_5236,2
5,song_5238,2
2,song_5239,2
5,song_5240,2
9,song_5241,2
4,song_5242,2
7,song_5243,2
10,song_5244,2
2,song_5245,2
1,song_5246,2
8,song_5247,2
11,song_5248,2
6,song_5249,2
0,song_5250,2
13,song_5251,2
5,song_5252,2
0,song_5253,2
1,song_5254,2
11,song_5255,2
1,song_5256,2
13,song_5257,2
5,song_5258,2
6,song_5259,2
5,song_5260,2
9,song_5261,2
5,song_5262,2
7,song_5263,2
0,song_5264,2
6,song_5265,2
6,song_5266,2
0,song_5267,2
5,song_5268,2
5,song_5269,2
3,song_5270,2
0,song_5271,2
8,song_5272,2
5,song_5273,2
8,song_5274,2
0,song_5275,2
12,song_5276,2
0,song_5277,2
0,song_5278,2
0,song_5279,2
8,song_5280,2
0,song_5281,2
6,song_5282,2
6,song_5283,2
7,song_5284,2
7,song_5285,2
0,song_5286,2
0,song_5287,2
12,song_5288,2
13,song_5289,2
0,song_5290,2
6,song_5291,2
0,song_5292,2
0,song_5293,2
10,song_5294,2
8,song_5295,2
0,song_5296,2
8,song_5297,2
13,song_5298,2
5,song_5299,2
0,song_5300,2
13,song_5301,2
6,song_5302,2
1,song_5303,2
9,song_5304,2
6,song_5305,2
2,song_5306,2
8,song_5307,2
5,song_5308,2
9,song_5309,2
2,song_5310,2
4,song_5311,2
8,song_5312,2
6,song_5313,2
4,song_5314,2
1,song_5315,2
0,song_5316,2
3,song_5317,2
0,song_5318,2
1,song_5319,2
12,song_5320,2
5,song_5321,2
5,song_5322,2
0,song_5323,2
3,song_5324,2
6,song_5325,2
0,song_5326,2
6,song_5327,2
0,song_5328,2
6,song_5329,2
5,song_5330,2
0,song_5331,2
3,song_5332,2
10,song_5333,2
1,song_5334,2
2,song_5335,2
0,song_5336,2
8,song_5337,2
3,song_5338,2
12,song_5339,2
8,song_5340,2
1,song_5341,2
7,song_5342,2
8,song_5343,2
5,song_5344,2
9,song_5345,2
14,song_5346,2
0,song_5347,2
8,song_5348,2
8,song_5349,2
13,song_5350,2
8,song_5351,2
13,song_5352,2
5,song_5353,2
3,song_5354,2
11,song_5355,2
0,song_5356,2
8,song_5357,2
4,song_5358,2
9,song_5359,2
0,song_5360,2
0,song_5361,2
8,song_5362,2
8,song_5363,2
9,song_5364,2
0,song_5365,2
8,song_5366,2
6,song_5367,2
1,song_5368,2
2,song_5369,2
7,song_5370,2
0,song_5371,2
1,song_5372,2
8,song_5373,2
9,song_5374,2
0,song_5375,2
0,song_5376,2
5,song_5377,2
8,song_5378,2
6,song_5379,2
0,song_5380,2
0,song_5381,2
12,song_5382,2
5,song_5383,2
6,song_5384,2
1,song_5386,2
8,song_5387,2
1,song_5388,2
